ent,Descripción_Campo_amplio,Año,fac_tri,ingocup,cs_p14_c,masa salarial,Sueldo promedio por profesionista,CVE,DESCRIP
1," Ingeniería, manufactura y construcción",2022,36124,2720499,19330700.0,368555344,10202.51,1,Aguascalientes
1," Ingeniería, manufactura y construcción",2023,27583,2608328,16749200.0,310378524,11252.53,1,Aguascalientes
1," Ingeniería, manufactura y construcción",2024,34175,3109155,18905300.0,410363960,12007.72,1,Aguascalientes
1,Administración y negocios,2022,34816,2400235,10672000.0,337983087,9707.69,1,Aguascalientes
1,Administración y negocios,2023,28456,2472644,9848100.0,311285772,10939.2,1,Aguascalientes
1,Administración y negocios,2024,36429,2997579,10689600.0,435419771,11952.56,1,Aguascalientes
1,Agronomía y veterinaria,2022,1548,115575,1223500.0,9914435,6404.67,1,Aguascalientes
1,Agronomía y veterinaria,2023,2763,228500,2118900.0,25370350,9182.18,1,Aguascalientes
1,Agronomía y veterinaria,2024,2608,182370,1552000.0,26894150,10312.17,1,Aguascalientes
1,Artes y humanidades,2022,4327,259370,758100.0,31835650,7357.44,1,Aguascalientes
1,Artes y humanidades,2023,6910,430597,1101000.0,58982897,8535.88,1,Aguascalientes
1,Artes y humanidades,2024,6657,514327,1162700.0,59216856,8895.43,1,Aguascalientes
1,Ciencias de la  salud,2022,12367,857960,8976900.0,111638655,9027.14,1,Aguascalientes
1,Ciencias de la  salud,2023,13622,1030692,10656202.0,128519491,9434.7,1,Aguascalientes
1,Ciencias de la  salud,2024,16575,1208696,9647906.0,211478028,12758.86,1,Aguascalientes
1,"Ciencias naturales, matemáticas y estadística",2022,2031,122070,720300.0,17281250,8508.74,1,Aguascalientes
1,"Ciencias naturales, matemáticas y estadística",2023,785,52220,363300.0,5765240,7344.25,1,Aguascalientes
1,"Ciencias naturales, matemáticas y estadística",2024,1614,99020,516500.0,14187640,8790.36,1,Aguascalientes
1,Ciencias sociales y derecho,2022,13969,1010858,3780500.0,119913400,8584.25,1,Aguascalientes
1,Ciencias sociales y derecho,2023,15507,1138479,3533500.0,188682036,12167.54,1,Aguascalientes
1,Ciencias sociales y derecho,2024,17679,1341980,3912600.0,220661758,12481.57,1,Aguascalientes
1,Educación,2022,9832,618125,944323.0,76514305,7782.17,1,Aguascalientes
1,Educación,2023,8807,706245,962233.0,75882705,8616.18,1,Aguascalientes
1,Educación,2024,7488,618583,792221.0,69790458,9320.31,1,Aguascalientes
1,Servicios,2022,2941,211527,2638000.0,23707426,8061.01,1,Aguascalientes
1,Servicios,2023,2596,180513,2133000.0,21988014,8469.96,1,Aguascalientes
1,Servicios,2024,3071,257285,2439200.0,33272910,10834.55,1,Aguascalientes
1,Tecnologías de la información y la comunicación,2022,7813,753030,3947500.0,95826350,12264.99,1,Aguascalientes
1,Tecnologías de la información y la comunicación,2023,8359,869485,4373300.0,106514965,12742.55,1,Aguascalientes
1,Tecnologías de la información y la comunicación,2024,10109,1161322,4741500.0,157303220,15560.71,1,Aguascalientes
2," Ingeniería, manufactura y construcción",2022,72100,4212668,21322500.0,1051897540,14589.42,2,Baja California
2," Ingeniería, manufactura y construcción",2023,78354,5361295,25268700.0,1243830816,15874.5,2,Baja California
2," Ingeniería, manufactura y construcción",2024,86310,5830738,25101200.0,1498820224,17365.55,2,Baja California
2,Administración y negocios,2022,90224,4251967,14411000.0,1181726534,13097.7,2,Baja California
2,Administración y negocios,2023,76891,4672131,14868400.0,1008888423,13121.02,2,Baja California
2,Administración y negocios,2024,91639,5260520,15823500.0,1243485722,13569.39,2,Baja California
2,Agronomía y veterinaria,2022,3373,178670,1142200.0,44443960,13176.39,2,Baja California
2,Agronomía y veterinaria,2023,2258,156090,898400.0,37704120,16698.02,2,Baja California
2,Agronomía y veterinaria,2024,2026,126400,897100.0,22948440,11326.97,2,Baja California
2,Artes y humanidades,2022,21233,882685,1608000.0,289199090,13620.27,2,Baja California
2,Artes y humanidades,2023,20160,1004214,1788900.0,260558242,12924.52,2,Baja California
2,Artes y humanidades,2024,17202,857115,1537900.0,213271265,12398.05,2,Baja California
2,Ciencias de la  salud,2022,38720,2099825,14552609.0,536468145,13855.07,2,Baja California
2,Ciencias de la  salud,2023,31688,1833580,12967140.0,444482634,14026.84,2,Baja California
2,Ciencias de la  salud,2024,35027,1968308,12706300.0,497150043,14193.34,2,Baja California
2,"Ciencias naturales, matemáticas y estadística",2022,3265,136410,727300.0,33340040,10211.34,2,Baja California
2,"Ciencias naturales, matemáticas y estadística",2023,3001,162640,675700.0,36044130,12010.71,2,Baja California
2,"Ciencias naturales, matemáticas y estadística",2024,5291,313588,1085400.0,86022324,16258.24,2,Baja California
2,Ciencias sociales y derecho,2022,65048,2997395,8425200.0,744403380,11443.91,2,Baja California
2,Ciencias sociales y derecho,2023,72937,4291594,10351700.0,986009957,13518.65,2,Baja California
2,Ciencias sociales y derecho,2024,83531,4459981,10768100.0,1072088375,12834.62,2,Baja California
2,Educación,2022,35340,1585879,1691569.0,403653929,11422.01,2,Baja California
2,Educación,2023,32862,1833524,1645869.0,463289083,14098.02,2,Baja California
2,Educación,2024,38083,1687924,1511024.0,509314742,13373.81,2,Baja California
2,Servicios,2022,13909,796111,5987500.0,192485857,13838.94,2,Baja California
2,Servicios,2023,15514,797515,6591900.0,197362440,12721.57,2,Baja California
2,Servicios,2024,17633,907570,6994000.0,228391640,12952.51,2,Baja California
2,Tecnologías de la información y la comunicación,2022,19868,1292971,4601800.0,320672880,16140.17,2,Baja California
2,Tecnologías de la información y la comunicación,2023,22703,1407955,5837800.0,350118840,15421.7,2,Baja California
2,Tecnologías de la información y la comunicación,2024,21236,1365118,5238400.0,325382232,15322.2,2,Baja California
3," Ingeniería, manufactura y construcción",2022,22080,2396153,14083300.0,301033368,13633.76,3,Baja California Sur
3," Ingeniería, manufactura y construcción",2023,25485,3624897,16704500.0,451239798,17706.09,3,Baja California Sur
3," Ingeniería, manufactura y construcción",2024,30768,4390657,19060300.0,585448387,19027.83,3,Baja California Sur
3,Administración y negocios,2022,32301,3077188,11175900.0,366651394,11351.08,3,Baja California Sur
3,Administración y negocios,2023,41745,5190834,14977600.0,690201582,16533.75,3,Baja California Sur
3,Administración y negocios,2024,35721,4540694,13415600.0,543574969,15217.24,3,Baja California Sur
3,Agronomía y veterinaria,2022,3641,505710,4560500.0,37345745,10257.0,3,Baja California Sur
3,Agronomía y veterinaria,2023,4086,620225,4074400.0,58550725,14329.59,3,Baja California Sur
3,Agronomía y veterinaria,2024,4701,531467,4150500.0,52635977,11196.76,3,Baja California Sur
3,Artes y humanidades,2022,6836,628775,1346800.0,90063348,13174.86,3,Baja California Sur
3,Artes y humanidades,2023,4286,582050,1014300.0,56213290,13115.56,3,Baja California Sur
3,Artes y humanidades,2024,6918,847294,1664600.0,82486112,11923.4,3,Baja California Sur
3,Ciencias de la  salud,2022,12690,1574694,11045200.0,160416192,12641.15,3,Baja California Sur
3,Ciencias de la  salud,2023,11493,1663050,12319572.0,143684160,12501.88,3,Baja California Sur
3,Ciencias de la  salud,2024,14480,2037688,14108158.0,227352732,15701.16,3,Baja California Sur
3,"Ciencias naturales, matemáticas y estadística",2022,3368,645700,2730200.0,41301730,12262.98,3,Baja California Sur
3,"Ciencias naturales, matemáticas y estadística",2023,2372,329548,1694200.0,27200032,11467.13,3,Baja California Sur
3,"Ciencias naturales, matemáticas y estadística",2024,5392,790539,2774000.0,93220356,17288.64,3,Baja California Sur
3,Ciencias sociales y derecho,2022,21046,2427771,6913000.0,256198404,12173.26,3,Baja California Sur
3,Ciencias sociales y derecho,2023,22209,3178972,7875300.0,308242590,13879.17,3,Baja California Sur
3,Ciencias sociales y derecho,2024,22722,3320529,7634600.0,337135383,14837.4,3,Baja California Sur
3,Educación,2022,10550,1015711,1494720.0,80132995,7595.54,3,Baja California Sur
3,Educación,2023,11020,1478861,1699258.0,115529175,10483.59,3,Baja California Sur
3,Educación,2024,11949,1797061,1808767.0,142674720,11940.31,3,Baja California Sur
3,Servicios,2022,15646,1287111,11986600.0,188535004,12050.04,3,Baja California Sur
3,Servicios,2023,14714,1282674,12695500.0,179360366,12189.78,3,Baja California Sur
3,Servicios,2024,16176,1653465,13106500.0,239400225,14799.72,3,Baja California Sur
3,Tecnologías de la información y la comunicación,2022,8347,693797,3740900.0,109006847,13059.4,3,Baja California Sur
3,Tecnologías de la información y la comunicación,2023,7078,1203470,5148700.0,101588040,14352.65,3,Baja California Sur
3,Tecnologías de la información y la comunicación,2024,6129,909002,4286900.0,80051146,13061.05,3,Baja California Sur
4," Ingeniería, manufactura y construcción",2022,22136,4414786,31630600.0,198650605,8974.1,4,Campeche
4," Ingeniería, manufactura y construcción",2023,23559,5393031,32433800.0,264970169,11247.09,4,Campeche
4," Ingeniería, manufactura y construcción",2024,24047,7388998,39142200.0,314565368,13081.27,4,Campeche
4,Administración y negocios,2022,25765,4077665,20637400.0,201358745,7815.2,4,Campeche
4,Administración y negocios,2023,23928,4851642,21217000.0,219805455,9186.12,4,Campeche
4,Administración y negocios,2024,25908,6373389,23869200.0,268670911,10370.19,4,Campeche
4,Agronomía y veterinaria,2022,3013,245185,3087300.0,18434796,6118.42,4,Campeche
4,Agronomía y veterinaria,2023,5992,696004,5605800.0,62047235,10355.01,4,Campeche
4,Agronomía y veterinaria,2024,3321,444185,3582300.0,33286265,10022.96,4,Campeche
4,Artes y humanidades,2022,2051,369959,1160900.0,14005291,6828.52,4,Campeche
4,Artes y humanidades,2023,2380,492655,1240100.0,22982160,9656.37,4,Campeche
4,Artes y humanidades,2024,2544,540095,1214500.0,25273205,9934.44,4,Campeche
4,Ciencias de la  salud,2022,15512,2416961,27414847.0,119623068,7711.65,4,Campeche
4,Ciencias de la  salud,2023,12375,2516695,23999121.0,117834071,9521.95,4,Campeche
4,Ciencias de la  salud,2024,16751,2967467,28663196.0,161309342,9629.83,4,Campeche
4,"Ciencias naturales, matemáticas y estadística",2022,970,154723,873800.0,7842661,8085.22,4,Campeche
4,"Ciencias naturales, matemáticas y estadística",2023,1833,342173,1848700.0,14103505,7694.22,4,Campeche
4,"Ciencias naturales, matemáticas y estadística",2024,1883,342965,1994500.0,16731680,8885.65,4,Campeche
4,Ciencias sociales y derecho,2022,17458,2726694,10603300.0,141509210,8105.69,4,Campeche
4,Ciencias sociales y derecho,2023,16904,3313215,12241900.0,147468620,8723.89,4,Campeche
4,Ciencias sociales y derecho,2024,18227,3406689,12266400.0,157863313,8660.96,4,Campeche
4,Educación,2022,5788,729076,1186218.0,45051638,7783.63,4,Campeche
4,Educación,2023,10051,1316682,1777225.0,88220890,8777.32,4,Campeche
4,Educación,2024,11660,1694526,2000623.0,122830982,10534.39,4,Campeche
4,Servicios,2022,3494,482710,6499900.0,24310565,6957.8,4,Campeche
4,Servicios,2023,5649,740227,9850600.0,42971114,7606.85,4,Campeche
4,Servicios,2024,3830,643123,7414400.0,31491392,8222.3,4,Campeche
4,Tecnologías de la información y la comunicación,2022,6341,983171,6882900.0,48860447,7705.48,4,Campeche
4,Tecnologías de la información y la comunicación,2023,6210,1071031,6947700.0,54972994,8852.33,4,Campeche
4,Tecnologías de la información y la comunicación,2024,8319,1779149,10372800.0,83996968,10097.0,4,Campeche
5," Ingeniería, manufactura y construcción",2022,158240,8763323,57381800.0,1698859668,10735.97,5,Coahuila
5," Ingeniería, manufactura y construcción",2023,175573,10923584,62026300.0,2213941493,12609.81,5,Coahuila
5," Ingeniería, manufactura y construcción",2024,159454,11671991,59664400.0,2249245246,14105.92,5,Coahuila
5,Administración y negocios,2022,133238,6495417,26792500.0,1359558085,10203.98,5,Coahuila
5,Administración y negocios,2023,104186,6485997,23474500.0,1201363944,11530.95,5,Coahuila
5,Administración y negocios,2024,124479,7704464,25260000.0,1586005583,12741.15,5,Coahuila
5,Agronomía y veterinaria,2022,6396,286810,2771600.0,58755400,9186.27,5,Coahuila
5,Agronomía y veterinaria,2023,5130,312890,2934800.0,46592765,9082.41,5,Coahuila
5,Agronomía y veterinaria,2024,7358,501075,3424200.0,86920310,11813.03,5,Coahuila
5,Artes y humanidades,2022,12850,798056,1683300.0,131386822,10224.66,5,Coahuila
5,Artes y humanidades,2023,10171,728990,1578800.0,99624690,9794.97,5,Coahuila
5,Artes y humanidades,2024,11805,780824,1567500.0,121942308,10329.72,5,Coahuila
5,Ciencias de la  salud,2022,47101,2443403,25514460.0,426918410,9063.89,5,Coahuila
5,Ciencias de la  salud,2023,60251,3614740,31175679.0,679951754,11285.32,5,Coahuila
5,Ciencias de la  salud,2024,52048,3222514,25455680.0,596380045,11458.27,5,Coahuila
5,"Ciencias naturales, matemáticas y estadística",2022,6972,352610,1800600.0,65780350,9434.93,5,Coahuila
5,"Ciencias naturales, matemáticas y estadística",2023,4669,411615,1642500.0,56288340,12055.76,5,Coahuila
5,"Ciencias naturales, matemáticas y estadística",2024,4651,481045,1600000.0,72620215,15613.89,5,Coahuila
5,Ciencias sociales y derecho,2022,58830,3067343,10385700.0,594885030,10111.93,5,Coahuila
5,Ciencias sociales y derecho,2023,61627,3809484,11678900.0,660444052,10716.8,5,Coahuila
5,Ciencias sociales y derecho,2024,66649,4077606,11255700.0,763636466,11457.58,5,Coahuila
5,Educación,2022,37171,1379215,1729411.0,371775070,10001.75,5,Coahuila
5,Educación,2023,38120,1775844,2266328.0,363920638,9546.71,5,Coahuila
5,Educación,2024,22559,1402616,1580230.0,238776484,10584.53,5,Coahuila
5,Servicios,2022,6476,406223,4364500.0,62452697,9643.71,5,Coahuila
5,Servicios,2023,8089,472677,4677700.0,84810716,10484.7,5,Coahuila
5,Servicios,2024,6636,380240,3973100.0,66216935,9978.44,5,Coahuila
5,Tecnologías de la información y la comunicación,2022,38704,2154322,12846300.0,386034404,9974.02,5,Coahuila
5,Tecnologías de la información y la comunicación,2023,30086,2444125,10996000.0,389424115,12943.7,5,Coahuila
5,Tecnologías de la información y la comunicación,2024,32340,2191155,9393500.0,458381110,14173.81,5,Coahuila
6," Ingeniería, manufactura y construcción",2022,10825,1504879,9745200.0,123202609,11381.3,6,Colima
6," Ingeniería, manufactura y construcción",2023,14157,2413735,14555700.0,154859864,10938.75,6,Colima
6," Ingeniería, manufactura y construcción",2024,15796,2521946,15863700.0,204840161,12967.85,6,Colima
6,Administración y negocios,2022,29935,2939633,13139800.0,281303187,9397.13,6,Colima
6,Administración y negocios,2023,30509,4181269,15518200.0,334624801,10968.07,6,Colima
6,Administración y negocios,2024,31328,4432427,15292300.0,389138515,12421.43,6,Colima
6,Agronomía y veterinaria,2022,2482,266931,2034500.0,25789568,10390.64,6,Colima
6,Agronomía y veterinaria,2023,3873,532835,4068300.0,40369925,10423.42,6,Colima
6,Agronomía y veterinaria,2024,2478,328492,2690900.0,22202354,8959.79,6,Colima
6,Artes y humanidades,2022,2189,215130,613000.0,17065670,7796.1,6,Colima
6,Artes y humanidades,2023,3645,477089,1155000.0,33200587,9108.53,6,Colima
6,Artes y humanidades,2024,4886,778715,1403200.0,60145755,12309.81,6,Colima
6,Ciencias de la  salud,2022,7095,1124695,9981110.0,76086470,10723.96,6,Colima
6,Ciencias de la  salud,2023,9718,1422928,13491170.0,92720446,9541.1,6,Colima
6,Ciencias de la  salud,2024,9925,1654285,13543320.0,111423595,11226.56,6,Colima
6,"Ciencias naturales, matemáticas y estadística",2022,2927,292900,1651100.0,27141580,9272.83,6,Colima
6,"Ciencias naturales, matemáticas y estadística",2023,2626,264190,1650600.0,22789700,8678.48,6,Colima
6,"Ciencias naturales, matemáticas y estadística",2024,2298,295885,2006400.0,17870280,7776.45,6,Colima
6,Ciencias sociales y derecho,2022,15696,1723431,6526000.0,136027098,8666.35,6,Colima
6,Ciencias sociales y derecho,2023,16239,2106407,7925000.0,145648529,8969.06,6,Colima
6,Ciencias sociales y derecho,2024,10188,2046806,6078200.0,105008254,10307.05,6,Colima
6,Educación,2022,13177,1459471,2137969.0,108897617,8264.22,6,Colima
6,Educación,2023,13374,1751507,2159363.0,137957622,10315.36,6,Colima
6,Educación,2024,13135,1979990,2156263.0,145136397,11049.59,6,Colima
6,Servicios,2022,3292,402005,3855400.0,43641655,13256.88,6,Colima
6,Servicios,2023,2347,360185,3158000.0,27782600,11837.49,6,Colima
6,Servicios,2024,2599,372490,3756300.0,26485945,10190.82,6,Colima
6,Tecnologías de la información y la comunicación,2022,7842,972500,5549400.0,85188340,10863.09,6,Colima
6,Tecnologías de la información y la comunicación,2023,8819,1634275,8183600.0,118015220,13381.93,6,Colima
6,Tecnologías de la información y la comunicación,2024,7901,1323630,5907600.0,114621480,14507.21,6,Colima
7," Ingeniería, manufactura y construcción",2022,48552,2819281,20929800.0,402136809,8282.6,7,Chiapas
7," Ingeniería, manufactura y construcción",2023,48690,2826267,21228600.0,463377601,9516.89,7,Chiapas
7," Ingeniería, manufactura y construcción",2024,48998,3239622,21259800.0,499191195,10187.99,7,Chiapas
7,Administración y negocios,2022,71436,4018403,21534800.0,494810111,6926.62,7,Chiapas
7,Administración y negocios,2023,75827,4294046,21239800.0,576839700,7607.31,7,Chiapas
7,Administración y negocios,2024,102845,4734765,22217200.0,860638085,8368.3,7,Chiapas
7,Agronomía y veterinaria,2022,10104,169640,1789500.0,71454110,7071.86,7,Chiapas
7,Agronomía y veterinaria,2023,18162,367226,4484100.0,141353960,7782.95,7,Chiapas
7,Agronomía y veterinaria,2024,14070,495939,4080000.0,105717307,7513.67,7,Chiapas
7,Artes y humanidades,2022,11757,625330,1867900.0,73719430,6270.26,7,Chiapas
7,Artes y humanidades,2023,15404,768590,2452400.0,100195482,6504.51,7,Chiapas
7,Artes y humanidades,2024,11782,1082173,2485800.0,97727978,8294.68,7,Chiapas
7,Ciencias de la  salud,2022,61269,2840730,31895034.0,424379430,6926.5,7,Chiapas
7,Ciencias de la  salud,2023,64263,3590494,37075721.0,555914566,8650.62,7,Chiapas
7,Ciencias de la  salud,2024,56134,3628863,32894677.0,553831777,9866.24,7,Chiapas
7,"Ciencias naturales, matemáticas y estadística",2022,4791,336330,2363700.0,36450030,7608.02,7,Chiapas
7,"Ciencias naturales, matemáticas y estadística",2023,12438,666715,3540900.0,113612815,9134.33,7,Chiapas
7,"Ciencias naturales, matemáticas y estadística",2024,6840,501080,2773300.0,51116750,7473.21,7,Chiapas
7,Ciencias sociales y derecho,2022,85184,3444287,14883400.0,569280814,6682.95,7,Chiapas
7,Ciencias sociales y derecho,2023,84018,4089393,16189700.0,598406069,7122.36,7,Chiapas
7,Ciencias sociales y derecho,2024,79013,3905219,15219900.0,615524863,7790.17,7,Chiapas
7,Educación,2022,52345,2549383,3743298.0,417143874,7969.13,7,Chiapas
7,Educación,2023,54299,2349313,3439875.0,418174147,7701.32,7,Chiapas
7,Educación,2024,68198,2428967,3292503.0,547363121,8026.09,7,Chiapas
7,Servicios,2022,10288,422840,6802000.0,71906400,6989.35,7,Chiapas
7,Servicios,2023,11798,579820,8333600.0,93769780,7947.94,7,Chiapas
7,Servicios,2024,10085,580121,6604400.0,87215934,8648.08,7,Chiapas
7,Tecnologías de la información y la comunicación,2022,34388,1363808,11529900.0,221389442,6437.99,7,Chiapas
7,Tecnologías de la información y la comunicación,2023,28365,1312755,9570800.0,273304545,9635.27,7,Chiapas
7,Tecnologías de la información y la comunicación,2024,17914,1510260,7988500.0,202011130,11276.72,7,Chiapas
8," Ingeniería, manufactura y construcción",2022,118679,6395593,38111000.0,1464159671,12337.14,8,Chihuahua
8," Ingeniería, manufactura y construcción",2023,138135,9111843,45286700.0,2027634935,14678.65,8,Chihuahua
8," Ingeniería, manufactura y construcción",2024,134523,9365238,44936200.0,2003796553,14895.57,8,Chihuahua
8,Administración y negocios,2022,111432,4866404,19116800.0,1168541072,10486.58,8,Chihuahua
8,Administración y negocios,2023,107934,5956563,19692600.0,1362056813,12619.35,8,Chihuahua
8,Administración y negocios,2024,105770,5468329,17570000.0,1299549015,12286.56,8,Chihuahua
8,Agronomía y veterinaria,2022,8610,211170,2119900.0,65448190,7601.42,8,Chihuahua
8,Agronomía y veterinaria,2023,14848,513600,4071500.0,144597137,9738.49,8,Chihuahua
8,Agronomía y veterinaria,2024,12357,504363,3178700.0,172085834,13926.18,8,Chihuahua
8,Artes y humanidades,2022,9999,520937,1058000.0,106723683,10673.44,8,Chihuahua
8,Artes y humanidades,2023,11619,482955,995400.0,98338375,8463.58,8,Chihuahua
8,Artes y humanidades,2024,11147,702878,1376000.0,127708218,11456.73,8,Chihuahua
8,Ciencias de la  salud,2022,53583,2420052,22679057.0,514709379,9605.83,8,Chihuahua
8,Ciencias de la  salud,2023,56008,2854395,24424226.0,591150640,10554.75,8,Chihuahua
8,Ciencias de la  salud,2024,66721,3184237,25069910.0,787911042,11809.04,8,Chihuahua
8,"Ciencias naturales, matemáticas y estadística",2022,5335,262901,1395100.0,54075613,10136.01,8,Chihuahua
8,"Ciencias naturales, matemáticas y estadística",2023,6503,418400,1806400.0,78621510,12090.04,8,Chihuahua
8,"Ciencias naturales, matemáticas y estadística",2024,5071,281060,1130300.0,64936200,12805.4,8,Chihuahua
8,Ciencias sociales y derecho,2022,76337,3463896,10474300.0,820554157,10749.1,8,Chihuahua
8,Ciencias sociales y derecho,2023,66558,3811942,9689600.0,847373418,12731.35,8,Chihuahua
8,Ciencias sociales y derecho,2024,69154,3854813,9493800.0,917966091,13274.23,8,Chihuahua
8,Educación,2022,45436,1689083,2197781.0,432567452,9520.37,8,Chihuahua
8,Educación,2023,40513,1614318,1897843.0,382828459,9449.52,8,Chihuahua
8,Educación,2024,34273,1663745,1700936.0,391208380,11414.48,8,Chihuahua
8,Servicios,2022,12175,478723,5679700.0,97913996,8042.22,8,Chihuahua
8,Servicios,2023,10781,859586,6193000.0,157947049,14650.5,8,Chihuahua
8,Servicios,2024,10126,546338,5384300.0,105064574,10375.72,8,Chihuahua
8,Tecnologías de la información y la comunicación,2022,28308,1498667,7491300.0,357276592,12621.05,8,Chihuahua
8,Tecnologías de la información y la comunicación,2023,29781,1718435,7920400.0,396857605,13325.87,8,Chihuahua
8,Tecnologías de la información y la comunicación,2024,23071,1758970,7124000.0,352577675,15282.29,8,Chihuahua
9," Ingeniería, manufactura y construcción",2022,114749,963116,6338700.0,1469599084,12807.08,9,Distrito Federal
9," Ingeniería, manufactura y construcción",2023,127146,1531215,6414700.0,2601566221,20461.25,9,Distrito Federal
9," Ingeniería, manufactura y construcción",2024,94742,1108122,6325000.0,1242679787,13116.46,9,Distrito Federal
9,Administración y negocios,2022,189214,1952385,7127400.0,2524751625,13343.37,9,Distrito Federal
9,Administración y negocios,2023,183621,2213291,6150400.0,3330836437,18139.74,9,Distrito Federal
9,Administración y negocios,2024,170651,2414311,6795400.0,2513828663,14730.82,9,Distrito Federal
9,Agronomía y veterinaria,2022,4027,32020,245300.0,39823060,9889.01,9,Distrito Federal
9,Agronomía y veterinaria,2023,2409,4990,246300.0,3713510,1541.52,9,Distrito Federal
9,Agronomía y veterinaria,2024,8031,98220,737900.0,86713590,10797.36,9,Distrito Federal
9,Artes y humanidades,2022,58722,501815,973600.0,722471370,12303.25,9,Distrito Federal
9,Artes y humanidades,2023,27155,229000,475500.0,266915880,9829.35,9,Distrito Federal
9,Artes y humanidades,2024,62335,610430,1210900.0,731145730,11729.3,9,Distrito Federal
9,Ciencias de la  salud,2022,72402,780240,6291000.0,855051815,11809.78,9,Distrito Federal
9,Ciencias de la  salud,2023,77950,873265,7885270.0,839777990,10773.29,9,Distrito Federal
9,Ciencias de la  salud,2024,124824,1365020,10832105.0,1445063340,11576.81,9,Distrito Federal
9,"Ciencias naturales, matemáticas y estadística",2022,22224,179524,934800.0,235240116,10584.96,9,Distrito Federal
9,"Ciencias naturales, matemáticas y estadística",2023,26805,329215,1553300.0,363842330,13573.67,9,Distrito Federal
9,"Ciencias naturales, matemáticas y estadística",2024,61030,783896,2455500.0,962317490,15767.94,9,Distrito Federal
9,Ciencias sociales y derecho,2022,144969,1288934,3763100.0,1734988883,11968.0,9,Distrito Federal
9,Ciencias sociales y derecho,2023,164534,1986900,4294100.0,2722051080,16544.0,9,Distrito Federal
9,Ciencias sociales y derecho,2024,155207,2427128,4881200.0,2567017235,16539.31,9,Distrito Federal
9,Educación,2022,48766,324535,557205.0,317095670,6502.39,9,Distrito Federal
9,Educación,2023,38845,337830,440507.0,292943425,7541.34,9,Distrito Federal
9,Educación,2024,41447,386156,409101.0,402136186,9702.42,9,Distrito Federal
9,Servicios,2022,27014,319220,2954100.0,321815850,11912.93,9,Distrito Federal
9,Servicios,2023,29641,360116,3664000.0,293294614,9894.9,9,Distrito Federal
9,Servicios,2024,41514,523082,4571000.0,480377420,11571.46,9,Distrito Federal
9,Tecnologías de la información y la comunicación,2022,86512,781189,4607700.0,938382535,10846.85,9,Distrito Federal
9,Tecnologías de la información y la comunicación,2023,89669,1097365,4673000.0,1335029895,14888.42,9,Distrito Federal
9,Tecnologías de la información y la comunicación,2024,87983,1238267,4789400.0,1577859467,17933.69,9,Distrito Federal
10," Ingeniería, manufactura y construcción",2022,61819,3893641,31124300.0,563383208,9113.43,10,Durango
10," Ingeniería, manufactura y construcción",2023,59366,4609195,32410700.0,613069125,10326.94,10,Durango
10," Ingeniería, manufactura y construcción",2024,55484,4426720,30574700.0,572123263,10311.5,10,Durango
10,Administración y negocios,2022,61908,3917248,19621000.0,516144103,8337.28,10,Durango
10,Administración y negocios,2023,54084,3964519,18634000.0,488401036,9030.42,10,Durango
10,Administración y negocios,2024,50771,4194582,17370900.0,508786795,10021.21,10,Durango
10,Agronomía y veterinaria,2022,12283,486920,5548600.0,81612200,6644.32,10,Durango
10,Agronomía y veterinaria,2023,7680,521436,4825300.0,72002188,9375.28,10,Durango
10,Agronomía y veterinaria,2024,8771,432642,4400600.0,70972039,8091.67,10,Durango
10,Artes y humanidades,2022,7501,542532,1449800.0,64161160,8553.68,10,Durango
10,Artes y humanidades,2023,4440,383408,928400.0,35812204,8065.81,10,Durango
10,Artes y humanidades,2024,6905,408945,1171600.0,49339315,7145.45,10,Durango
10,Ciencias de la  salud,2022,23795,1690185,19288136.0,190766850,8017.1,10,Durango
10,Ciencias de la  salud,2023,29290,2223912,24318125.0,243362372,8308.72,10,Durango
10,Ciencias de la  salud,2024,24045,2247972,20224023.0,266084674,11066.11,10,Durango
10,"Ciencias naturales, matemáticas y estadística",2022,5470,451530,3000100.0,44034630,8050.21,10,Durango
10,"Ciencias naturales, matemáticas y estadística",2023,7020,509150,3642800.0,48510480,6910.32,10,Durango
10,"Ciencias naturales, matemáticas y estadística",2024,8040,521270,3140900.0,70641510,8786.26,10,Durango
10,Ciencias sociales y derecho,2022,39507,2570642,10280400.0,305686067,7737.52,10,Durango
10,Ciencias sociales y derecho,2023,36070,3129612,10641100.0,346520973,9606.9,10,Durango
10,Ciencias sociales y derecho,2024,32526,2657491,9238400.0,290825325,8941.32,10,Durango
10,Educación,2022,25472,1487399,2390558.0,188524460,7401.24,10,Durango
10,Educación,2023,26265,1687637,2374253.0,207077438,7884.16,10,Durango
10,Educación,2024,29429,2041315,2660159.0,264661609,8993.22,10,Durango
10,Servicios,2022,5013,358445,4363800.0,43091320,8595.91,10,Durango
10,Servicios,2023,4979,425106,4772400.0,47377502,9515.47,10,Durango
10,Servicios,2024,6410,424876,4979000.0,48276972,7531.51,10,Durango
10,Tecnologías de la información y la comunicación,2022,11942,826853,5913900.0,105141260,8804.33,10,Durango
10,Tecnologías de la información y la comunicación,2023,17479,1515382,9115100.0,167025836,9555.8,10,Durango
10,Tecnologías de la información y la comunicación,2024,16737,1324734,7931100.0,155001193,9260.99,10,Durango
11," Ingeniería, manufactura y construcción",2022,86595,2437298,16729900.0,844421457,9751.39,11,Guanajuato
11," Ingeniería, manufactura y construcción",2023,94895,2986278,19311300.0,1053519748,11101.95,11,Guanajuato
11," Ingeniería, manufactura y construcción",2024,80365,2828556,17942700.0,873028418,10863.29,11,Guanajuato
11,Administración y negocios,2022,69027,2041073,9591400.0,610512866,8844.55,11,Guanajuato
11,Administración y negocios,2023,89457,2965680,12666800.0,800268265,8945.84,11,Guanajuato
11,Administración y negocios,2024,94943,3225001,11666700.0,1004114394,10575.97,11,Guanajuato
11,Agronomía y veterinaria,2022,8742,148885,1789200.0,60989070,6976.56,11,Guanajuato
11,Agronomía y veterinaria,2023,8121,160800,1791200.0,52316324,6442.1,11,Guanajuato
11,Agronomía y veterinaria,2024,7336,221150,1711100.0,94032310,12817.93,11,Guanajuato
11,Artes y humanidades,2022,13046,312385,864300.0,105004480,8048.79,11,Guanajuato
11,Artes y humanidades,2023,7500,271275,692700.0,68511350,9134.85,11,Guanajuato
11,Artes y humanidades,2024,9166,408165,886200.0,94793670,10341.88,11,Guanajuato
11,Ciencias de la  salud,2022,43431,1485091,13346779.0,450357909,10369.5,11,Guanajuato
11,Ciencias de la  salud,2023,36086,1718695,14168321.0,383658920,10631.79,11,Guanajuato
11,Ciencias de la  salud,2024,29052,1355055,9641048.0,334338215,11508.27,11,Guanajuato
11,"Ciencias naturales, matemáticas y estadística",2022,8963,127300,924400.0,56542820,6308.47,11,Guanajuato
11,"Ciencias naturales, matemáticas y estadística",2023,2736,126618,719700.0,24668580,9016.29,11,Guanajuato
11,"Ciencias naturales, matemáticas y estadística",2024,3871,83920,563000.0,30813160,7960.0,11,Guanajuato
11,Ciencias sociales y derecho,2022,63382,1481242,5631600.0,608786306,9605.03,11,Guanajuato
11,Ciencias sociales y derecho,2023,54200,1520734,5297100.0,523471915,9658.15,11,Guanajuato
11,Ciencias sociales y derecho,2024,66157,1751913,5916800.0,522003717,7890.38,11,Guanajuato
11,Educación,2022,24062,703735,986504.0,199463195,8289.55,11,Guanajuato
11,Educación,2023,48394,883222,1127103.0,446490062,9226.15,11,Guanajuato
11,Educación,2024,23228,704560,874309.0,230528020,9924.57,11,Guanajuato
11,Servicios,2022,15649,441886,6199100.0,110144155,7038.41,11,Guanajuato
11,Servicios,2023,23369,507275,4979900.0,288244760,12334.49,11,Guanajuato
11,Servicios,2024,10684,427699,3959700.0,125477066,11744.39,11,Guanajuato
11,Tecnologías de la información y la comunicación,2022,17051,647069,4062200.0,168562278,9885.77,11,Guanajuato
11,Tecnologías de la información y la comunicación,2023,21911,784430,4615800.0,225430470,10288.46,11,Guanajuato
11,Tecnologías de la información y la comunicación,2024,12583,648055,3755500.0,125677175,9987.85,11,Guanajuato
12," Ingeniería, manufactura y construcción",2022,17424,408015,3961800.0,127856835,7337.97,12,Guerrero
12," Ingeniería, manufactura y construcción",2023,18761,451761,4597500.0,119070466,6346.7,12,Guerrero
12," Ingeniería, manufactura y construcción",2024,31977,1134546,7782900.0,335663537,10497.03,12,Guerrero
12,Administración y negocios,2022,35149,1166067,6522100.0,281899136,8020.12,12,Guerrero
12,Administración y negocios,2023,37638,999938,5885900.0,267835944,7116.1,12,Guerrero
12,Administración y negocios,2024,34668,1224952,6744600.0,243498289,7023.72,12,Guerrero
12,Agronomía y veterinaria,2022,4890,62122,814200.0,29549288,6042.8,12,Guerrero
12,Agronomía y veterinaria,2023,2035,41440,488600.0,18043120,8866.4,12,Guerrero
12,Agronomía y veterinaria,2024,2651,56150,568500.0,20944070,7900.44,12,Guerrero
12,Artes y humanidades,2022,4713,70800,263600.0,31564900,6697.41,12,Guerrero
12,Artes y humanidades,2023,8548,112555,463500.0,41536440,4859.2,12,Guerrero
12,Artes y humanidades,2024,7056,231310,584100.0,53070612,7521.35,12,Guerrero
12,Ciencias de la  salud,2022,24904,622577,9446404.0,152783047,6134.88,12,Guerrero
12,Ciencias de la  salud,2023,39263,793518,10377100.0,259447125,6607.93,12,Guerrero
12,Ciencias de la  salud,2024,31931,991273,11517400.0,204206352,6395.24,12,Guerrero
12,"Ciencias naturales, matemáticas y estadística",2022,5341,108522,1088100.0,27822527,5209.24,12,Guerrero
12,"Ciencias naturales, matemáticas y estadística",2023,6510,196510,1234200.0,54358670,8350.03,12,Guerrero
12,"Ciencias naturales, matemáticas y estadística",2024,6598,305750,2076000.0,53121290,8051.12,12,Guerrero
12,Ciencias sociales y derecho,2022,24747,748958,3878500.0,140846136,5691.44,12,Guerrero
12,Ciencias sociales y derecho,2023,32896,1133635,4150300.0,289593875,8803.32,12,Guerrero
12,Ciencias sociales y derecho,2024,37053,1346715,5301900.0,287068980,7747.52,12,Guerrero
12,Educación,2022,25580,592570,982011.0,187066680,7313.01,12,Guerrero
12,Educación,2023,17878,464127,780409.0,115842677,6479.62,12,Guerrero
12,Educación,2024,14309,606989,769726.0,125393874,8763.29,12,Guerrero
12,Servicios,2022,6602,321117,4162500.0,46174696,6994.05,12,Guerrero
12,Servicios,2023,12687,353835,5275800.0,89094958,7022.54,12,Guerrero
12,Servicios,2024,11515,425602,5583100.0,86893469,7546.11,12,Guerrero
12,Tecnologías de la información y la comunicación,2022,15264,304533,2772000.0,104839481,6868.41,12,Guerrero
12,Tecnologías de la información y la comunicación,2023,15630,373764,2583600.0,180803214,11567.7,12,Guerrero
12,Tecnologías de la información y la comunicación,2024,11902,340153,2766300.0,96420970,8101.24,12,Guerrero
13," Ingeniería, manufactura y construcción",2022,55204,1868993,14072400.0,472620783,8561.35,13,Hidalgo
13," Ingeniería, manufactura y construcción",2023,50906,2187504,15588600.0,444201561,8725.92,13,Hidalgo
13," Ingeniería, manufactura y construcción",2024,66420,2339862,15261500.0,690953725,10402.8,13,Hidalgo
13,Administración y negocios,2022,48282,2121811,8749900.0,406796758,8425.43,13,Hidalgo
13,Administración y negocios,2023,41693,2146271,8543300.0,347276355,8329.37,13,Hidalgo
13,Administración y negocios,2024,44722,2521190,9621500.0,451049230,10085.62,13,Hidalgo
13,Agronomía y veterinaria,2022,4012,74230,814000.0,27304880,6805.8,13,Hidalgo
13,Agronomía y veterinaria,2023,5149,101930,978200.0,47403750,9206.4,13,Hidalgo
13,Agronomía y veterinaria,2024,5519,181630,1218500.0,32888590,5959.16,13,Hidalgo
13,Artes y humanidades,2022,11252,524866,1335300.0,82675186,7347.6,13,Hidalgo
13,Artes y humanidades,2023,11423,690244,1503100.0,94743353,8294.09,13,Hidalgo
13,Artes y humanidades,2024,8722,462769,1011300.0,89159439,10222.36,13,Hidalgo
13,Ciencias de la  salud,2022,22887,1503118,12354400.0,202149389,8832.5,13,Hidalgo
13,Ciencias de la  salud,2023,34153,1647575,14551558.0,335863886,9834.1,13,Hidalgo
13,Ciencias de la  salud,2024,37026,1633406,14017244.0,382049162,10318.4,13,Hidalgo
13,"Ciencias naturales, matemáticas y estadística",2022,8623,356420,2362600.0,54976935,6375.62,13,Hidalgo
13,"Ciencias naturales, matemáticas y estadística",2023,6566,357455,1442500.0,187861815,28611.3,13,Hidalgo
13,"Ciencias naturales, matemáticas y estadística",2024,14281,357290,2321300.0,95191050,6665.57,13,Hidalgo
13,Ciencias sociales y derecho,2022,42500,1841280,6193300.0,372129495,8755.99,13,Hidalgo
13,Ciencias sociales y derecho,2023,46867,2536979,7732800.0,435759857,9297.8,13,Hidalgo
13,Ciencias sociales y derecho,2024,34365,2035400,6240900.0,304761820,8868.38,13,Hidalgo
13,Educación,2022,28002,711323,1056915.0,203898233,7281.56,13,Hidalgo
13,Educación,2023,23233,940895,1223611.0,196296777,8449.05,13,Hidalgo
13,Educación,2024,30263,800480,1195611.0,208059785,6875.05,13,Hidalgo
13,Servicios,2022,11020,422320,5485700.0,76807575,6969.83,13,Hidalgo
13,Servicios,2023,11792,493207,6299600.0,86955765,7374.13,13,Hidalgo
13,Servicios,2024,9220,484703,4066000.0,91997869,9978.08,13,Hidalgo
13,Tecnologías de la información y la comunicación,2022,24272,1267420,6950200.0,265019690,10918.74,13,Hidalgo
13,Tecnologías de la información y la comunicación,2023,25245,1545245,7625300.0,303178412,12009.44,13,Hidalgo
13,Tecnologías de la información y la comunicación,2024,18441,1572587,5774300.0,248317630,13465.52,13,Hidalgo
14," Ingeniería, manufactura y construcción",2022,154864,2801225,18383600.0,1644710697,10620.36,14,Jalisco
14," Ingeniería, manufactura y construcción",2023,128444,2467285,15847400.0,1471501795,11456.37,14,Jalisco
14," Ingeniería, manufactura y construcción",2024,130203,3151763,17348900.0,1645154137,12635.3,14,Jalisco
14,Administración y negocios,2022,213969,3707495,14754700.0,2132447460,9966.15,14,Jalisco
14,Administración y negocios,2023,194614,3584530,13705300.0,2030131590,10431.58,14,Jalisco
14,Administración y negocios,2024,160289,3221425,11621400.0,1814233726,11318.52,14,Jalisco
14,Agronomía y veterinaria,2022,22613,274260,2119600.0,273067070,12075.67,14,Jalisco
14,Agronomía y veterinaria,2023,39797,542223,3496300.0,484308927,12169.48,14,Jalisco
14,Agronomía y veterinaria,2024,24011,242330,2033500.0,242451060,10097.5,14,Jalisco
14,Artes y humanidades,2022,46677,909750,1918800.0,464499810,9951.36,14,Jalisco
14,Artes y humanidades,2023,39294,725160,1601600.0,377026310,9595.01,14,Jalisco
14,Artes y humanidades,2024,31362,694230,1230800.0,383754590,12236.29,14,Jalisco
14,Ciencias de la  salud,2022,110112,1666315,16608450.0,1023471875,9294.83,14,Jalisco
14,Ciencias de la  salud,2023,118712,1761465,15483708.0,1098212868,9251.07,14,Jalisco
14,Ciencias de la  salud,2024,76272,1352349,12093127.0,826572976,10837.17,14,Jalisco
14,"Ciencias naturales, matemáticas y estadística",2022,22548,289344,2065700.0,155104348,6878.85,14,Jalisco
14,"Ciencias naturales, matemáticas y estadística",2023,12846,262260,1237500.0,114676640,8927.03,14,Jalisco
14,"Ciencias naturales, matemáticas y estadística",2024,21340,410670,2016800.0,222692270,10435.44,14,Jalisco
14,Ciencias sociales y derecho,2022,140579,2302713,7676500.0,1338001776,9517.79,14,Jalisco
14,Ciencias sociales y derecho,2023,126733,2389965,7202000.0,1312073025,10353.05,14,Jalisco
14,Ciencias sociales y derecho,2024,98905,1927174,5405800.0,1117623336,11299.97,14,Jalisco
14,Educación,2022,55913,790290,1006510.0,509784880,9117.47,14,Jalisco
14,Educación,2023,67758,932732,1067802.0,689254482,10172.3,14,Jalisco
14,Educación,2024,59835,890290,1009109.0,623756955,10424.62,14,Jalisco
14,Servicios,2022,47311,605817,7825600.0,359624555,7601.29,14,Jalisco
14,Servicios,2023,53411,760970,8334300.0,475841415,8909.05,14,Jalisco
14,Servicios,2024,35885,614880,6296200.0,359917885,10029.76,14,Jalisco
14,Tecnologías de la información y la comunicación,2022,52697,1051715,5714200.0,572711935,10868.02,14,Jalisco
14,Tecnologías de la información y la comunicación,2023,44583,1010188,4917300.0,531038276,11911.23,14,Jalisco
14,Tecnologías de la información y la comunicación,2024,49093,955715,4925600.0,551129755,11226.24,14,Jalisco
15," Ingeniería, manufactura y construcción",2022,199007,2076494,15255300.0,1759781213,8842.81,15,Mexico
15," Ingeniería, manufactura y construcción",2023,215332,2318441,16501300.0,2088994483,9701.27,15,Mexico
15," Ingeniería, manufactura y construcción",2024,140147,2018274,12917700.0,1576208398,11246.82,15,Mexico
15,Administración y negocios,2022,270178,2459313,10629900.0,2547053775,9427.32,15,Mexico
15,Administración y negocios,2023,241917,2372548,10048100.0,2266373717,9368.39,15,Mexico
15,Administración y negocios,2024,267299,2337564,9079500.0,2586735452,9677.31,15,Mexico
15,Agronomía y veterinaria,2022,11186,203536,1056300.0,181155886,16194.88,15,Mexico
15,Agronomía y veterinaria,2023,7797,49940,489600.0,59763340,7664.91,15,Mexico
15,Agronomía y veterinaria,2024,21102,92913,1141400.0,133430520,6323.12,15,Mexico
15,Artes y humanidades,2022,69679,636519,1868400.0,453599816,6509.85,15,Mexico
15,Artes y humanidades,2023,70299,755663,1735000.0,631581297,8984.21,15,Mexico
15,Artes y humanidades,2024,57559,588842,1219000.0,641691361,11148.41,15,Mexico
15,Ciencias de la  salud,2022,123364,1000605,10688021.0,1071789615,8688.03,15,Mexico
15,Ciencias de la  salud,2023,111553,1106648,12278272.0,832091023,7459.15,15,Mexico
15,Ciencias de la  salud,2024,102879,1229476,11890724.0,933678318,9075.5,15,Mexico
15,"Ciencias naturales, matemáticas y estadística",2022,30647,226025,1398400.0,213029325,6951.07,15,Mexico
15,"Ciencias naturales, matemáticas y estadística",2023,38505,323728,1865100.0,350954514,9114.52,15,Mexico
15,"Ciencias naturales, matemáticas y estadística",2024,33457,252612,1394700.0,311869258,9321.49,15,Mexico
15,Ciencias sociales y derecho,2022,215884,1646522,6896900.0,1806329557,8367.13,15,Mexico
15,Ciencias sociales y derecho,2023,230266,2041858,6959700.0,2186313853,9494.73,15,Mexico
15,Ciencias sociales y derecho,2024,269894,2599231,7819200.0,2686738199,9954.79,15,Mexico
15,Educación,2022,119292,765475,1115019.0,963882905,8080.03,15,Mexico
15,Educación,2023,105192,773563,1050512.0,841874794,8003.22,15,Mexico
15,Educación,2024,123748,978643,1215410.0,1213755547,9808.28,15,Mexico
15,Servicios,2022,54245,436072,5179300.0,497848276,9177.77,15,Mexico
15,Servicios,2023,42863,370674,4783400.0,341106076,7958.05,15,Mexico
15,Servicios,2024,46935,319955,4369600.0,361996080,7712.71,15,Mexico
15,Tecnologías de la información y la comunicación,2022,86827,816165,5296100.0,750892015,8648.14,15,Mexico
15,Tecnologías de la información y la comunicación,2023,120274,1015347,7090000.0,978081828,8132.11,15,Mexico
15,Tecnologías de la información y la comunicación,2024,101278,891872,5355200.0,980090273,9677.23,15,Mexico
16," Ingeniería, manufactura y construcción",2022,84461,2682870,19184400.0,805527713,9537.27,16,Michoacan
16," Ingeniería, manufactura y construcción",2023,71435,2188282,17211000.0,662316523,9271.6,16,Michoacan
16," Ingeniería, manufactura y construcción",2024,54654,1613164,13153300.0,476084831,8710.89,16,Michoacan
16,Administración y negocios,2022,88902,3079187,12950600.0,825537094,9285.92,16,Michoacan
16,Administración y negocios,2023,92713,3275707,12519400.0,1086342289,11717.26,16,Michoacan
16,Administración y negocios,2024,122341,3277304,13180800.0,1274887615,10420.77,16,Michoacan
16,Agronomía y veterinaria,2022,18851,349632,3015700.0,198138508,10510.77,16,Michoacan
16,Agronomía y veterinaria,2023,19685,406707,4567600.0,133187066,6765.92,16,Michoacan
16,Agronomía y veterinaria,2024,27189,561191,4887600.0,288905536,10625.82,16,Michoacan
16,Artes y humanidades,2022,13340,407202,1137200.0,87177676,6535.06,16,Michoacan
16,Artes y humanidades,2023,13424,679927,1590400.0,158448968,11803.41,16,Michoacan
16,Artes y humanidades,2024,17373,755999,1363000.0,419727598,24159.77,16,Michoacan
16,Ciencias de la  salud,2022,94931,2188223,24957107.0,763651200,8044.28,16,Michoacan
16,Ciencias de la  salud,2023,76197,2075042,24308145.0,787129587,10330.19,16,Michoacan
16,Ciencias de la  salud,2024,56442,1749778,17628714.0,693757516,12291.51,16,Michoacan
16,"Ciencias naturales, matemáticas y estadística",2022,19996,581613,4004600.0,155045799,7753.84,16,Michoacan
16,"Ciencias naturales, matemáticas y estadística",2023,12063,567078,3640600.0,89182231,7393.04,16,Michoacan
16,"Ciencias naturales, matemáticas y estadística",2024,11697,532519,3380000.0,83863751,7169.68,16,Michoacan
16,Ciencias sociales y derecho,2022,79163,2255951,8506100.0,648117234,8187.12,16,Michoacan
16,Ciencias sociales y derecho,2023,80897,2389226,9229600.0,703886868,8701.03,16,Michoacan
16,Ciencias sociales y derecho,2024,69123,2539341,8059200.0,807915086,11688.08,16,Michoacan
16,Educación,2022,67310,1708987,2458842.0,566799830,8420.74,16,Michoacan
16,Educación,2023,63322,1584000,2251435.0,529060160,8355.08,16,Michoacan
16,Educación,2024,63593,1285762,1705434.0,560300409,8810.72,16,Michoacan
16,Servicios,2022,13341,412832,6303900.0,82677930,6197.28,16,Michoacan
16,Servicios,2023,14801,408870,5386300.0,97152490,6563.91,16,Michoacan
16,Servicios,2024,9602,357412,5176900.0,64489493,6716.26,16,Michoacan
16,Tecnologías de la información y la comunicación,2022,16131,547720,4240600.0,133936105,8303.03,16,Michoacan
16,Tecnologías de la información y la comunicación,2023,27101,960981,5778200.0,274156836,10116.12,16,Michoacan
16,Tecnologías de la información y la comunicación,2024,22793,1111980,5228300.0,264443500,11601.96,16,Michoacan
17," Ingeniería, manufactura y construcción",2022,18176,656600,5959300.0,155277885,8543.02,17,Morelos
17," Ingeniería, manufactura y construcción",2023,15259,507740,4885600.0,114466320,7501.56,17,Morelos
17," Ingeniería, manufactura y construcción",2024,9908,437843,3381400.0,86273514,8707.46,17,Morelos
17,Administración y negocios,2022,14403,516140,2793500.0,95194038,6609.32,17,Morelos
17,Administración y negocios,2023,12595,581728,3043700.0,99479596,7898.34,17,Morelos
17,Administración y negocios,2024,11884,503006,2878400.0,81843147,6886.83,17,Morelos
17,Agronomía y veterinaria,2022,1558,77535,651900.0,15190180,9749.79,17,Morelos
17,Agronomía y veterinaria,2023,1852,45625,812100.0,7677065,4145.28,17,Morelos
17,Agronomía y veterinaria,2024,2771,77026,1144400.0,14921008,5384.7,17,Morelos
17,Artes y humanidades,2022,2730,153805,388300.0,22263335,8155.07,17,Morelos
17,Artes y humanidades,2023,1986,102785,300000.0,14639275,7371.24,17,Morelos
17,Artes y humanidades,2024,5931,225510,626800.0,45092783,7602.9,17,Morelos
17,Ciencias de la  salud,2022,7435,377810,4376610.0,59350210,7982.54,17,Morelos
17,Ciencias de la  salud,2023,10952,474362,5660210.0,88738763,8102.52,17,Morelos
17,Ciencias de la  salud,2024,9209,291926,4385600.0,60489019,6568.47,17,Morelos
17,"Ciencias naturales, matemáticas y estadística",2022,2049,110980,564600.0,19214680,9377.59,17,Morelos
17,"Ciencias naturales, matemáticas y estadística",2023,1850,90440,518700.0,15403950,8326.46,17,Morelos
17,"Ciencias naturales, matemáticas y estadística",2024,1448,108742,466500.0,16098420,11117.69,17,Morelos
17,Ciencias sociales y derecho,2022,8069,291843,1456700.0,46787328,5798.4,17,Morelos
17,Ciencias sociales y derecho,2023,10036,597487,2098700.0,96130257,9578.54,17,Morelos
17,Ciencias sociales y derecho,2024,11780,631995,2364400.0,98253850,8340.73,17,Morelos
17,Educación,2022,7761,255443,438312.0,53112501,6843.51,17,Morelos
17,Educación,2023,6857,215212,400908.0,45040134,6568.49,17,Morelos
17,Educación,2024,8950,292160,543911.0,60089375,6713.9,17,Morelos
17,Servicios,2022,5429,151340,2842900.0,28335750,5219.33,17,Morelos
17,Servicios,2023,5244,199110,3057700.0,33967180,6477.34,17,Morelos
17,Servicios,2024,2203,108882,1222600.0,18244351,8281.59,17,Morelos
17,Tecnologías de la información y la comunicación,2022,5134,179420,1355600.0,38409900,7481.48,17,Morelos
17,Tecnologías de la información y la comunicación,2023,4617,174710,1474800.0,30913260,6695.53,17,Morelos
17,Tecnologías de la información y la comunicación,2024,3580,181070,1235000.0,34011210,9500.34,17,Morelos
18," Ingeniería, manufactura y construcción",2022,17775,1803375,13274300.0,165977145,9337.67,18,Nayarit
18," Ingeniería, manufactura y construcción",2023,21682,2487704,16497900.0,245062596,11302.58,18,Nayarit
18," Ingeniería, manufactura y construcción",2024,26273,3367294,19528000.0,360787083,13732.24,18,Nayarit
18,Administración y negocios,2022,42480,4013951,16998700.0,412631191,9713.54,18,Nayarit
18,Administración y negocios,2023,41443,4410608,18959800.0,397112670,9582.14,18,Nayarit
18,Administración y negocios,2024,40849,5001219,17606700.0,469947108,11504.49,18,Nayarit
18,Agronomía y veterinaria,2022,4430,272629,3184900.0,32435404,7321.76,18,Nayarit
18,Agronomía y veterinaria,2023,6631,707046,5294300.0,68023760,10258.45,18,Nayarit
18,Agronomía y veterinaria,2024,6676,724233,5292300.0,72967454,10929.82,18,Nayarit
18,Artes y humanidades,2022,5046,459960,1036300.0,45561500,9029.23,18,Nayarit
18,Artes y humanidades,2023,4347,599295,1106100.0,48871105,11242.49,18,Nayarit
18,Artes y humanidades,2024,4130,503072,1071100.0,37542972,9090.31,18,Nayarit
18,Ciencias de la  salud,2022,30444,2414682,28825161.0,231368278,7599.8,18,Nayarit
18,Ciencias de la  salud,2023,35882,3121668,35176755.0,291422637,8121.69,18,Nayarit
18,Ciencias de la  salud,2024,33235,3437119,34573076.0,304293595,9155.82,18,Nayarit
18,"Ciencias naturales, matemáticas y estadística",2022,3534,260868,2169000.0,22520264,6372.46,18,Nayarit
18,"Ciencias naturales, matemáticas y estadística",2023,4147,380130,2568600.0,31387205,7568.65,18,Nayarit
18,"Ciencias naturales, matemáticas y estadística",2024,4145,603740,2977600.0,38420700,9269.17,18,Nayarit
18,Ciencias sociales y derecho,2022,28715,2632589,10136300.0,245624469,8553.87,18,Nayarit
18,Ciencias sociales y derecho,2023,31207,3003278,11141600.0,269702913,8642.39,18,Nayarit
18,Ciencias sociales y derecho,2024,33564,3842573,12036700.0,360862113,10751.46,18,Nayarit
18,Educación,2022,17979,1504027,2389047.0,137506079,7648.15,18,Nayarit
18,Educación,2023,15877,1430567,2059428.0,137012280,8629.61,18,Nayarit
18,Educación,2024,17931,1436077,2070627.0,153244758,8546.36,18,Nayarit
18,Servicios,2022,14895,1312766,17227400.0,118306181,7942.68,18,Nayarit
18,Servicios,2023,16758,1685590,17968400.0,163498250,9756.43,18,Nayarit
18,Servicios,2024,17587,1900841,20820200.0,165967386,9436.94,18,Nayarit
18,Tecnologías de la información y la comunicación,2022,8211,842038,5306900.0,73394084,8938.51,18,Nayarit
18,Tecnologías de la información y la comunicación,2023,7997,803897,4434700.0,88671318,11088.07,18,Nayarit
18,Tecnologías de la información y la comunicación,2024,7382,1201594,4736400.0,109006179,14766.48,18,Nayarit
19," Ingeniería, manufactura y construcción",2022,207452,5582177,31527400.0,2768570311,13345.59,19,Nuevo Leon
19," Ingeniería, manufactura y construcción",2023,240010,7138558,36611600.0,3555386257,14813.49,19,Nuevo Leon
19," Ingeniería, manufactura y construcción",2024,240106,7845829,36791500.0,3903280228,16256.49,19,Nuevo Leon
19,Administración y negocios,2022,248362,6776681,21117400.0,3416837853,13757.49,19,Nuevo Leon
19,Administración y negocios,2023,228228,6951251,21339200.0,3130304269,13715.69,19,Nuevo Leon
19,Administración y negocios,2024,213303,6989400,19397800.0,3271968382,15339.53,19,Nuevo Leon
19,Agronomía y veterinaria,2022,12691,288120,2283800.0,131410420,10354.62,19,Nuevo Leon
19,Agronomía y veterinaria,2023,15959,292300,2854500.0,131074580,8213.21,19,Nuevo Leon
19,Agronomía y veterinaria,2024,11554,227005,2038500.0,107065935,9266.57,19,Nuevo Leon
19,Artes y humanidades,2022,54379,1330315,2480700.0,626011315,11512.0,19,Nuevo Leon
19,Artes y humanidades,2023,42505,1120224,1949700.0,542351958,12759.72,19,Nuevo Leon
19,Artes y humanidades,2024,37681,1008378,1811600.0,458825862,12176.58,19,Nuevo Leon
19,Ciencias de la  salud,2022,98357,2187878,19388335.0,1017788267,10347.9,19,Nuevo Leon
19,Ciencias de la  salud,2023,88550,2281263,18528863.0,1045045661,11801.76,19,Nuevo Leon
19,Ciencias de la  salud,2024,92188,2476997,19063507.0,1112062638,12062.99,19,Nuevo Leon
19,"Ciencias naturales, matemáticas y estadística",2022,18692,474262,2168800.0,221045313,11825.66,19,Nuevo Leon
19,"Ciencias naturales, matemáticas y estadística",2023,16203,561205,2118700.0,230232400,14209.25,19,Nuevo Leon
19,"Ciencias naturales, matemáticas y estadística",2024,19481,667401,2537000.0,275372168,14135.42,19,Nuevo Leon
19,Ciencias sociales y derecho,2022,131636,3216409,9116800.0,1497892501,11379.05,19,Nuevo Leon
19,Ciencias sociales y derecho,2023,148832,4229675,10562200.0,1977700372,13288.14,19,Nuevo Leon
19,Ciencias sociales y derecho,2024,115758,3622924,8202000.0,1659327144,14334.45,19,Nuevo Leon
19,Educación,2022,57457,1194479,1507827.0,539611511,9391.57,19,Nuevo Leon
19,Educación,2023,57146,1413035,1550228.0,622877810,10899.76,19,Nuevo Leon
19,Educación,2024,71444,1722265,1857712.0,768277327,10753.56,19,Nuevo Leon
19,Servicios,2022,34712,644484,7003900.0,321968111,9275.41,19,Nuevo Leon
19,Servicios,2023,39489,812629,8919200.0,369287657,9351.66,19,Nuevo Leon
19,Servicios,2024,26642,558922,5883600.0,257789381,9676.05,19,Nuevo Leon
19,Tecnologías de la información y la comunicación,2022,86889,2334992,11694600.0,1071481503,12331.61,19,Nuevo Leon
19,Tecnologías de la información y la comunicación,2023,87093,3147952,12859000.0,1343952628,15431.24,19,Nuevo Leon
19,Tecnologías de la información y la comunicación,2024,77254,2774330,10875300.0,1185232048,15342.02,19,Nuevo Leon
20," Ingeniería, manufactura y construcción",2022,27933,1059596,9501000.0,191129018,6842.41,20,Oaxaca
20," Ingeniería, manufactura y construcción",2023,21088,1103020,8012100.0,182982750,8677.1,20,Oaxaca
20," Ingeniería, manufactura y construcción",2024,33760,1454740,9990600.0,309983935,9181.99,20,Oaxaca
20,Administración y negocios,2022,41893,1542734,8317800.0,282446071,6742.08,20,Oaxaca
20,Administración y negocios,2023,45308,1881290,9191700.0,377569066,8333.39,20,Oaxaca
20,Administración y negocios,2024,38505,1589791,7783700.0,316567337,8221.46,20,Oaxaca
20,Agronomía y veterinaria,2022,6770,81030,1383100.0,40869640,6036.87,20,Oaxaca
20,Agronomía y veterinaria,2023,5589,63190,894900.0,24902900,4455.7,20,Oaxaca
20,Agronomía y veterinaria,2024,5609,233160,1874900.0,66546390,11864.22,20,Oaxaca
20,Artes y humanidades,2022,8163,303995,831500.0,58455150,7160.99,20,Oaxaca
20,Artes y humanidades,2023,7603,426654,938600.0,63586604,8363.36,20,Oaxaca
20,Artes y humanidades,2024,11197,413345,1048300.0,92731135,8281.78,20,Oaxaca
20,Ciencias de la  salud,2022,30597,809360,11019500.0,212032154,6929.83,20,Oaxaca
20,Ciencias de la  salud,2023,28572,1162517,11969500.0,248888571,8710.93,20,Oaxaca
20,Ciencias de la  salud,2024,35764,1238095,12310334.0,335309310,9375.61,20,Oaxaca
20,"Ciencias naturales, matemáticas y estadística",2022,7511,131504,1030700.0,50802886,6763.8,20,Oaxaca
20,"Ciencias naturales, matemáticas y estadística",2023,4430,132930,1081400.0,24794860,5597.03,20,Oaxaca
20,"Ciencias naturales, matemáticas y estadística",2024,3191,150240,874400.0,24703600,7741.65,20,Oaxaca
20,Ciencias sociales y derecho,2022,30794,1487803,5448500.0,231335798,7512.37,20,Oaxaca
20,Ciencias sociales y derecho,2023,30276,1176477,4937100.0,259035237,8555.79,20,Oaxaca
20,Ciencias sociales y derecho,2024,23831,1295513,4714900.0,193619728,8124.7,20,Oaxaca
20,Educación,2022,36470,1136403,1795539.0,241959588,6634.48,20,Oaxaca
20,Educación,2023,38887,867319,1423837.0,287786813,7400.59,20,Oaxaca
20,Educación,2024,26770,896382,1223636.0,216550038,8089.28,20,Oaxaca
20,Servicios,2022,15696,422002,5680200.0,97922958,6238.72,20,Oaxaca
20,Servicios,2023,9001,320134,3548300.0,78188992,8686.7,20,Oaxaca
20,Servicios,2024,8569,487250,5681600.0,76123680,8883.61,20,Oaxaca
20,Tecnologías de la información y la comunicación,2022,12341,360860,2460600.0,99767040,8084.19,20,Oaxaca
20,Tecnologías de la información y la comunicación,2023,12497,585920,2832700.0,144684330,11577.53,20,Oaxaca
20,Tecnologías de la información y la comunicación,2024,9660,423250,2702300.0,100236220,10376.42,20,Oaxaca
21," Ingeniería, manufactura y construcción",2022,71906,1696161,13852800.0,590639955,8214.06,21,Puebla
21," Ingeniería, manufactura y construcción",2023,108636,2402354,19933600.0,949285839,8738.23,21,Puebla
21," Ingeniería, manufactura y construcción",2024,113682,2892862,21172100.0,1142615209,10050.98,21,Puebla
21,Administración y negocios,2022,81044,1661381,7687900.0,909651463,11224.17,21,Puebla
21,Administración y negocios,2023,82506,1668561,8762800.0,637457088,7726.19,21,Puebla
21,Administración y negocios,2024,124592,3007192,12290500.0,1270066240,10193.8,21,Puebla
21,Agronomía y veterinaria,2022,10013,117984,1305000.0,65944822,6585.92,21,Puebla
21,Agronomía y veterinaria,2023,13726,139659,1800200.0,75658515,5512.06,21,Puebla
21,Agronomía y veterinaria,2024,6275,130117,1224400.0,49535866,7894.16,21,Puebla
21,Artes y humanidades,2022,31068,723465,1879800.0,261801158,8426.71,21,Puebla
21,Artes y humanidades,2023,38217,659291,1978300.0,298695269,7815.77,21,Puebla
21,Artes y humanidades,2024,27654,596239,1732900.0,186729376,6752.35,21,Puebla
21,Ciencias de la  salud,2022,37198,764625,7989726.0,433875375,11663.94,21,Puebla
21,Ciencias de la  salud,2023,47580,930847,10652219.0,375492479,7891.81,21,Puebla
21,Ciencias de la  salud,2024,56367,1351811,14195742.0,437398664,7759.84,21,Puebla
21,"Ciencias naturales, matemáticas y estadística",2022,16187,526928,2323000.0,178607217,11033.99,21,Puebla
21,"Ciencias naturales, matemáticas y estadística",2023,14227,342118,2319500.0,109527440,7698.56,21,Puebla
21,"Ciencias naturales, matemáticas y estadística",2024,9901,312070,1749000.0,90132700,9103.39,21,Puebla
21,Ciencias sociales y derecho,2022,67715,1498940,6021000.0,502345208,7418.52,21,Puebla
21,Ciencias sociales y derecho,2023,87771,1807057,7242000.0,696666318,7937.32,21,Puebla
21,Ciencias sociales y derecho,2024,71458,2135874,6869500.0,710177172,9938.39,21,Puebla
21,Educación,2022,40721,709785,1133823.0,314504385,7723.4,21,Puebla
21,Educación,2023,44198,828715,1219940.0,319811385,7235.88,21,Puebla
21,Educación,2024,33723,613030,822320.0,296831800,8802.06,21,Puebla
21,Servicios,2022,20143,336665,4766700.0,134644345,6684.42,21,Puebla
21,Servicios,2023,25456,521426,6694700.0,196859999,7733.34,21,Puebla
21,Servicios,2024,30778,448641,6998200.0,207672283,6747.43,21,Puebla
21,Tecnologías de la información y la comunicación,2022,21876,680632,4061900.0,194316644,8882.64,21,Puebla
21,Tecnologías de la información y la comunicación,2023,24742,624198,4124900.0,256097319,10350.71,21,Puebla
21,Tecnologías de la información y la comunicación,2024,22257,686521,3568000.0,228725895,10276.58,21,Puebla
22," Ingeniería, manufactura y construcción",2022,39455,1979430,12629700.0,444680640,11270.58,22,Queretaro
22," Ingeniería, manufactura y construcción",2023,36101,2518121,14630000.0,429441271,11895.55,22,Queretaro
22," Ingeniería, manufactura y construcción",2024,39614,3025867,14570600.0,588368763,14852.55,22,Queretaro
22,Administración y negocios,2022,30298,1342365,5589800.0,290665655,9593.56,22,Queretaro
22,Administración y negocios,2023,29811,1675540,6295700.0,339564785,11390.59,22,Queretaro
22,Administración y negocios,2024,36850,2009742,6871800.0,470847668,12777.41,22,Queretaro
22,Agronomía y veterinaria,2022,295,29224,163200.0,4263600,14452.88,22,Queretaro
22,Agronomía y veterinaria,2023,1307,32520,407500.0,9660320,7391.22,22,Queretaro
22,Agronomía y veterinaria,2024,1106,80460,405500.0,11852500,10716.55,22,Queretaro
22,Artes y humanidades,2022,6215,223370,515900.0,62799120,10104.44,22,Queretaro
22,Artes y humanidades,2023,8669,406810,1000600.0,77743290,8967.97,22,Queretaro
22,Artes y humanidades,2024,5900,338115,757100.0,51514355,8731.25,22,Queretaro
22,Ciencias de la  salud,2022,9640,375230,3814202.0,92556250,9601.27,22,Queretaro
22,Ciencias de la  salud,2023,10947,547385,5039840.0,111864660,10218.75,22,Queretaro
22,Ciencias de la  salud,2024,10173,533738,4460223.0,114540656,11259.28,22,Queretaro
22,"Ciencias naturales, matemáticas y estadística",2022,2683,89080,569000.0,19811745,7384.18,22,Queretaro
22,"Ciencias naturales, matemáticas y estadística",2023,4295,252448,1183100.0,44034976,10252.61,22,Queretaro
22,"Ciencias naturales, matemáticas y estadística",2024,3483,212935,769600.0,48339320,13878.64,22,Queretaro
22,Ciencias sociales y derecho,2022,18825,745415,2774700.0,165495640,8791.27,22,Queretaro
22,Ciencias sociales y derecho,2023,20950,1179560,3676000.0,212156040,10126.78,22,Queretaro
22,Ciencias sociales y derecho,2024,14280,982710,2666300.0,175975190,12323.19,22,Queretaro
22,Educación,2022,9345,346215,461813.0,85372845,9135.67,22,Queretaro
22,Educación,2023,7260,408315,473704.0,71049400,9786.42,22,Queretaro
22,Educación,2024,10320,395610,523812.0,94904480,9196.17,22,Queretaro
22,Servicios,2022,5538,234570,2739600.0,49942620,9018.17,22,Queretaro
22,Servicios,2023,7215,385864,3251900.0,83439028,11564.66,22,Queretaro
22,Servicios,2024,5064,234200,2440500.0,51724480,10214.15,22,Queretaro
22,Tecnologías de la información y la comunicación,2022,8414,479966,2465000.0,92823182,11031.99,22,Queretaro
22,Tecnologías de la información y la comunicación,2023,8756,650670,2768600.0,117280770,13394.33,22,Queretaro
22,Tecnologías de la información y la comunicación,2024,9261,738445,2576700.0,154555360,16688.84,22,Queretaro
23," Ingeniería, manufactura y construcción",2022,20387,991896,6637900.0,220270602,10804.46,23,Quintana Roo
23," Ingeniería, manufactura y construcción",2023,25905,1598910,9798200.0,298785330,11533.89,23,Quintana Roo
23," Ingeniería, manufactura y construcción",2024,24498,1493945,8153600.0,314330595,12830.87,23,Quintana Roo
23,Administración y negocios,2022,80486,4125113,16040800.0,867401317,10777.05,23,Quintana Roo
23,Administración y negocios,2023,61232,3732904,14419500.0,661856085,10808.99,23,Quintana Roo
23,Administración y negocios,2024,61950,3855347,13450200.0,756934591,12218.48,23,Quintana Roo
23,Agronomía y veterinaria,2022,1540,71963,652000.0,14547646,9446.52,23,Quintana Roo
23,Agronomía y veterinaria,2023,3575,152568,1705200.0,26329628,7364.93,23,Quintana Roo
23,Agronomía y veterinaria,2024,2593,149705,1302600.0,30469415,11750.64,23,Quintana Roo
23,Artes y humanidades,2022,11785,472870,1130600.0,104289850,8849.37,23,Quintana Roo
23,Artes y humanidades,2023,9763,502040,1024500.0,102898320,10539.62,23,Quintana Roo
23,Artes y humanidades,2024,11028,716910,1282200.0,132318610,11998.42,23,Quintana Roo
23,Ciencias de la  salud,2022,19612,920420,8629000.0,197545720,10072.7,23,Quintana Roo
23,Ciencias de la  salud,2023,27722,1505940,11708409.0,334738090,12074.82,23,Quintana Roo
23,Ciencias de la  salud,2024,25590,1644005,12459321.0,308840845,12068.81,23,Quintana Roo
23,"Ciencias naturales, matemáticas y estadística",2022,2908,136686,768900.0,25705390,8839.54,23,Quintana Roo
23,"Ciencias naturales, matemáticas y estadística",2023,3427,147622,822500.0,28621344,8351.72,23,Quintana Roo
23,"Ciencias naturales, matemáticas y estadística",2024,1440,108440,418300.0,16659760,11569.28,23,Quintana Roo
23,Ciencias sociales y derecho,2022,41451,1775170,5824400.0,416879415,10057.16,23,Quintana Roo
23,Ciencias sociales y derecho,2023,36884,1875239,5911700.0,371126533,10061.99,23,Quintana Roo
23,Ciencias sociales y derecho,2024,39007,2069377,5773200.0,467743276,11991.27,23,Quintana Roo
23,Educación,2022,17761,810915,1094725.0,157629115,8875.01,23,Quintana Roo
23,Educación,2023,17594,908829,1219315.0,150644671,8562.28,23,Quintana Roo
23,Educación,2024,19880,964196,1168715.0,192089722,9662.46,23,Quintana Roo
23,Servicios,2022,23387,1111030,11473500.0,255739690,10935.12,23,Quintana Roo
23,Servicios,2023,23935,1514710,14017400.0,260083220,10866.23,23,Quintana Roo
23,Servicios,2024,28718,1741583,15032800.0,353784603,12319.26,23,Quintana Roo
23,Tecnologías de la información y la comunicación,2022,15996,671552,4483400.0,154472647,9656.95,23,Quintana Roo
23,Tecnologías de la información y la comunicación,2023,23477,1230964,6761300.0,280002222,11926.66,23,Quintana Roo
23,Tecnologías de la información y la comunicación,2024,15717,1178100,5963800.0,192990070,12279.07,23,Quintana Roo
24," Ingeniería, manufactura y construcción",2022,75832,3657786,23083800.0,827723982,10915.23,24,San Luis Potosi
24," Ingeniería, manufactura y construcción",2023,71025,4324241,24289000.0,900198861,12674.39,24,San Luis Potosi
24," Ingeniería, manufactura y construcción",2024,66419,4180512,22238400.0,865306693,13028.0,24,San Luis Potosi
24,Administración y negocios,2022,52141,2614256,10347000.0,549409202,10536.99,24,San Luis Potosi
24,Administración y negocios,2023,49143,2304274,9426700.0,527180508,10727.48,24,San Luis Potosi
24,Administración y negocios,2024,57504,3057307,10687600.0,652557039,11348.03,24,San Luis Potosi
24,Agronomía y veterinaria,2022,7589,214224,2279800.0,54168016,7137.7,24,San Luis Potosi
24,Agronomía y veterinaria,2023,7209,317400,2364600.0,75737575,10505.98,24,San Luis Potosi
24,Agronomía y veterinaria,2024,7280,333545,2278800.0,94377480,12963.94,24,San Luis Potosi
24,Artes y humanidades,2022,8395,493160,929500.0,96287385,11469.61,24,San Luis Potosi
24,Artes y humanidades,2023,7750,463660,914700.0,88986585,11482.14,24,San Luis Potosi
24,Artes y humanidades,2024,6254,249177,630200.0,57867943,9252.95,24,San Luis Potosi
24,Ciencias de la  salud,2022,24983,994318,9898227.0,228578496,9149.36,24,San Luis Potosi
24,Ciencias de la  salud,2023,22053,987758,10266600.0,193268450,8763.82,24,San Luis Potosi
24,Ciencias de la  salud,2024,34393,1744581,13358730.0,441551282,12838.41,24,San Luis Potosi
24,"Ciencias naturales, matemáticas y estadística",2022,3378,134920,878500.0,26012710,7700.62,24,San Luis Potosi
24,"Ciencias naturales, matemáticas y estadística",2023,2661,135870,770000.0,22883030,8599.41,24,San Luis Potosi
24,"Ciencias naturales, matemáticas y estadística",2024,5336,305715,1552700.0,53672845,10058.63,24,San Luis Potosi
24,Ciencias sociales y derecho,2022,31285,1306428,4484200.0,291173524,9307.13,24,San Luis Potosi
24,Ciencias sociales y derecho,2023,29099,1515607,4529400.0,331675119,11398.16,24,San Luis Potosi
24,Ciencias sociales y derecho,2024,38262,1868687,5749400.0,391878439,10241.97,24,San Luis Potosi
24,Educación,2022,24430,953032,1487742.0,186496345,7633.91,24,San Luis Potosi
24,Educación,2023,22566,968161,1300840.0,196573102,8711.03,24,San Luis Potosi
24,Educación,2024,29413,1030629,1311835.0,260524728,8857.47,24,San Luis Potosi
24,Servicios,2022,12255,443904,4973700.0,98548230,8041.47,24,San Luis Potosi
24,Servicios,2023,8170,299738,3653700.0,66309572,8116.23,24,San Luis Potosi
24,Servicios,2024,6446,304657,3251400.0,59935201,9298.05,24,San Luis Potosi
24,Tecnologías de la información y la comunicación,2022,13814,414512,3262200.0,105200498,7615.5,24,San Luis Potosi
24,Tecnologías de la información y la comunicación,2023,7468,335829,2334000.0,66270648,8873.95,24,San Luis Potosi
24,Tecnologías de la información y la comunicación,2024,10536,637457,2952300.0,145886959,13846.52,24,San Luis Potosi
25," Ingeniería, manufactura y construcción",2022,85880,3573502,22353600.0,1008357681,11741.47,25,Sinaloa
25," Ingeniería, manufactura y construcción",2023,78534,3953869,22502800.0,965723970,12296.89,25,Sinaloa
25," Ingeniería, manufactura y construcción",2024,69457,4012264,20535000.0,977375723,14071.67,25,Sinaloa
25,Administración y negocios,2022,101137,4684189,18772600.0,995307452,9841.18,25,Sinaloa
25,Administración y negocios,2023,94046,4807995,18022200.0,986416273,10488.66,25,Sinaloa
25,Administración y negocios,2024,80637,3782348,13649800.0,906366809,11240.09,25,Sinaloa
25,Agronomía y veterinaria,2022,23164,909153,7973800.0,210621027,9092.6,25,Sinaloa
25,Agronomía y veterinaria,2023,21562,991828,7886500.0,223989498,10388.16,25,Sinaloa
25,Agronomía y veterinaria,2024,30410,1164605,8619000.0,340584270,11199.75,25,Sinaloa
25,Artes y humanidades,2022,12106,497765,1232400.0,106395685,8788.67,25,Sinaloa
25,Artes y humanidades,2023,10864,647701,1290800.0,123107226,11331.67,25,Sinaloa
25,Artes y humanidades,2024,12635,709114,1193600.0,168818622,13361.19,25,Sinaloa
25,Ciencias de la  salud,2022,67599,2330475,23826731.0,602409715,8911.52,25,Sinaloa
25,Ciencias de la  salud,2023,72795,2962392,29110804.0,651227660,8946.05,25,Sinaloa
25,Ciencias de la  salud,2024,85858,3398191,29547895.0,834095245,9714.82,25,Sinaloa
25,"Ciencias naturales, matemáticas y estadística",2022,11930,482710,2511200.0,133261035,11170.25,25,Sinaloa
25,"Ciencias naturales, matemáticas y estadística",2023,19363,690820,3488100.0,212645960,10982.08,25,Sinaloa
25,"Ciencias naturales, matemáticas y estadística",2024,12660,523660,2718500.0,137866575,10889.93,25,Sinaloa
25,Ciencias sociales y derecho,2022,77883,2951448,9935800.0,733879060,9422.84,25,Sinaloa
25,Ciencias sociales y derecho,2023,81555,3372968,11157700.0,782595839,9595.93,25,Sinaloa
25,Ciencias sociales y derecho,2024,87486,3395624,10296100.0,995499174,11378.95,25,Sinaloa
25,Educación,2022,51406,1444779,2152570.0,420196925,8174.08,25,Sinaloa
25,Educación,2023,57071,2120945,2794107.0,505706992,8861.02,25,Sinaloa
25,Educación,2024,45072,1451611,1953254.0,411807003,9136.65,25,Sinaloa
25,Servicios,2022,25006,622980,7003700.0,201067270,8040.76,25,Sinaloa
25,Servicios,2023,24401,938811,7715700.0,375866898,15403.75,25,Sinaloa
25,Servicios,2024,24764,917700,7922200.0,251096690,10139.59,25,Sinaloa
25,Tecnologías de la información y la comunicación,2022,27877,1467930,7596700.0,323355420,11599.36,25,Sinaloa
25,Tecnologías de la información y la comunicación,2023,37359,1715705,8509300.0,421221190,11274.96,25,Sinaloa
25,Tecnologías de la información y la comunicación,2024,29634,1436635,5736800.0,434309870,14655.8,25,Sinaloa
26," Ingeniería, manufactura y construcción",2022,107777,3680421,25816400.0,1008551758,9357.76,26,Sonora
26," Ingeniería, manufactura y construcción",2023,103043,4648053,28372200.0,1154517958,11204.23,26,Sonora
26," Ingeniería, manufactura y construcción",2024,91894,4891033,26934700.0,1185002634,12895.32,26,Sonora
26,Administración y negocios,2022,96544,3790020,14708600.0,983474836,10186.8,26,Sonora
26,Administración y negocios,2023,87441,4405547,15312300.0,1058049809,12100.16,26,Sonora
26,Administración y negocios,2024,82241,3580169,12920500.0,945014363,11490.79,26,Sonora
26,Agronomía y veterinaria,2022,10977,314750,2275400.0,115641700,10534.91,26,Sonora
26,Agronomía y veterinaria,2023,11766,391177,3577700.0,101682874,8642.09,26,Sonora
26,Agronomía y veterinaria,2024,7295,333435,2529500.0,72526100,9941.89,26,Sonora
26,Artes y humanidades,2022,10682,401836,870200.0,95856488,8973.65,26,Sonora
26,Artes y humanidades,2023,6887,406760,758200.0,70048760,10171.16,26,Sonora
26,Artes y humanidades,2024,6407,369535,882300.0,56022565,8743.96,26,Sonora
26,Ciencias de la  salud,2022,48486,1347838,14783723.0,399799787,8245.67,26,Sonora
26,Ciencias de la  salud,2023,42153,2091670,18271147.0,461839670,10956.27,26,Sonora
26,Ciencias de la  salud,2024,40904,2173705,17452020.0,447544730,10941.34,26,Sonora
26,"Ciencias naturales, matemáticas y estadística",2022,17057,741895,3975700.0,174754550,10245.33,26,Sonora
26,"Ciencias naturales, matemáticas y estadística",2023,13186,731417,3157900.0,143375351,10873.3,26,Sonora
26,"Ciencias naturales, matemáticas y estadística",2024,9369,523394,2217900.0,120494268,12860.95,26,Sonora
26,Ciencias sociales y derecho,2022,60291,1823413,6640600.0,518718538,8603.58,26,Sonora
26,Ciencias sociales y derecho,2023,59902,2549485,7455900.0,625906624,10448.84,26,Sonora
26,Ciencias sociales y derecho,2024,59373,2433895,6936400.0,679654210,11447.19,26,Sonora
26,Educación,2022,41123,1063574,1530235.0,321291934,7812.95,26,Sonora
26,Educación,2023,40947,1251185,1675156.0,355643365,8685.46,26,Sonora
26,Educación,2024,40363,1259096,1602047.0,357093389,8847.05,26,Sonora
26,Servicios,2022,16992,695965,8440000.0,141926565,8352.55,26,Sonora
26,Servicios,2023,9012,493790,5287500.0,87177900,9673.54,26,Sonora
26,Servicios,2024,14399,797945,7415200.0,163797875,11375.64,26,Sonora
26,Tecnologías de la información y la comunicación,2022,13740,487313,2953000.0,123572941,8993.66,26,Sonora
26,Tecnologías de la información y la comunicación,2023,29347,1254806,6075800.0,346968283,11822.96,26,Sonora
26,Tecnologías de la información y la comunicación,2024,20481,1050275,4848700.0,249440810,12179.13,26,Sonora
27," Ingeniería, manufactura y construcción",2022,58069,3272286,22501900.0,577236155,9940.52,27,Tabasco
27," Ingeniería, manufactura y construcción",2023,76095,4039935,26317400.0,828351945,10885.76,27,Tabasco
27," Ingeniería, manufactura y construcción",2024,65127,4403654,24802600.0,843057720,12944.83,27,Tabasco
27,Administración y negocios,2022,51501,2273811,11549600.0,422005163,8194.12,27,Tabasco
27,Administración y negocios,2023,43762,2529165,12139800.0,369855682,8451.53,27,Tabasco
27,Administración y negocios,2024,39105,2495724,11262700.0,327588308,8377.15,27,Tabasco
27,Agronomía y veterinaria,2022,2471,67974,980300.0,14426482,5838.32,27,Tabasco
27,Agronomía y veterinaria,2023,3270,132580,1470800.0,24584970,7518.34,27,Tabasco
27,Agronomía y veterinaria,2024,4138,208195,1713100.0,43409050,10490.35,27,Tabasco
27,Artes y humanidades,2022,7925,282153,1180400.0,38056432,4802.07,27,Tabasco
27,Artes y humanidades,2023,6466,415400,1250000.0,45086755,6972.9,27,Tabasco
27,Artes y humanidades,2024,9629,291420,911800.0,60525145,6285.71,27,Tabasco
27,Ciencias de la  salud,2022,30989,2085569,20858741.0,254465047,8211.46,27,Tabasco
27,Ciencias de la  salud,2023,39958,2561359,23639867.0,378060762,9461.45,27,Tabasco
27,Ciencias de la  salud,2024,42789,2455360,23195160.0,441822320,10325.61,27,Tabasco
27,"Ciencias naturales, matemáticas y estadística",2022,8666,402000,2221400.0,75056840,8661.07,27,Tabasco
27,"Ciencias naturales, matemáticas y estadística",2023,10118,545795,3082000.0,86774710,8576.27,27,Tabasco
27,"Ciencias naturales, matemáticas y estadística",2024,6113,435770,2007400.0,72238000,11817.11,27,Tabasco
27,Ciencias sociales y derecho,2022,31965,1698743,6777600.0,256459157,8023.12,27,Tabasco
27,Ciencias sociales y derecho,2023,36662,2168835,8576100.0,272756118,7439.75,27,Tabasco
27,Ciencias sociales y derecho,2024,51702,2255184,8318200.0,399090332,7719.05,27,Tabasco
27,Educación,2022,15621,694435,1067529.0,111077055,7110.75,27,Tabasco
27,Educación,2023,23956,1063280,1569530.0,176719545,7376.84,27,Tabasco
27,Educación,2024,25409,1170995,1573216.0,207361680,8160.95,27,Tabasco
27,Servicios,2022,6828,477449,5488700.0,50926074,7458.42,27,Tabasco
27,Servicios,2023,9744,546020,7213600.0,69259340,7107.9,27,Tabasco
27,Servicios,2024,9148,606744,6703500.0,81723162,8933.45,27,Tabasco
27,Tecnologías de la información y la comunicación,2022,18409,734296,5660000.0,137504380,7469.41,27,Tabasco
27,Tecnologías de la información y la comunicación,2023,12012,771025,4744300.0,102046730,8495.4,27,Tabasco
27,Tecnologías de la información y la comunicación,2024,8633,594500,3446800.0,76892750,8906.84,27,Tabasco
28," Ingeniería, manufactura y construcción",2022,128986,6893852,46353900.0,1456923147,11295.2,28,Tamaulipas
28," Ingeniería, manufactura y construcción",2023,129054,7685857,49630300.0,1462680773,11333.87,28,Tamaulipas
28," Ingeniería, manufactura y construcción",2024,134875,7861136,46191800.0,1662144018,12323.59,28,Tamaulipas
28,Administración y negocios,2022,119404,4667745,19993900.0,1201118708,10059.28,28,Tamaulipas
28,Administración y negocios,2023,119706,5703720,20763900.0,1468280062,12265.72,28,Tamaulipas
28,Administración y negocios,2024,126489,5751419,20284700.0,1445461689,11427.57,28,Tamaulipas
28,Agronomía y veterinaria,2022,4391,74533,1056300.0,28242313,6431.86,28,Tamaulipas
28,Agronomía y veterinaria,2023,2077,63190,735900.0,13093960,6304.27,28,Tamaulipas
28,Agronomía y veterinaria,2024,3911,133460,1145400.0,32499550,8309.78,28,Tamaulipas
28,Artes y humanidades,2022,5964,209703,654500.0,43517381,7296.68,28,Tamaulipas
28,Artes y humanidades,2023,14438,529299,1175500.0,139937036,9692.27,28,Tamaulipas
28,Artes y humanidades,2024,10255,593580,1238000.0,104063250,10147.56,28,Tamaulipas
28,Ciencias de la  salud,2022,49433,1973151,21519713.0,410765925,8309.55,28,Tamaulipas
28,Ciencias de la  salud,2023,53360,2639699,23682575.0,517671017,9701.48,28,Tamaulipas
28,Ciencias de la  salud,2024,80994,2977517,27516984.0,739289772,9127.71,28,Tamaulipas
28,"Ciencias naturales, matemáticas y estadística",2022,3097,175122,1134100.0,25292318,8166.72,28,Tamaulipas
28,"Ciencias naturales, matemáticas y estadística",2023,6772,351156,1705500.0,73843264,10904.2,28,Tamaulipas
28,"Ciencias naturales, matemáticas y estadística",2024,7785,305240,1756000.0,61986410,7962.29,28,Tamaulipas
28,Ciencias sociales y derecho,2022,46908,1850721,6539800.0,413200327,8808.74,28,Tamaulipas
28,Ciencias sociales y derecho,2023,45104,1855343,6275900.0,418760005,9284.32,28,Tamaulipas
28,Ciencias sociales y derecho,2024,49532,2013652,6205200.0,507557282,10247.06,28,Tamaulipas
28,Educación,2022,34034,1188610,1574417.0,285790241,8397.2,28,Tamaulipas
28,Educación,2023,38614,1438932,1824013.0,352687902,9133.68,28,Tamaulipas
28,Educación,2024,30573,1219967,1453024.0,296197175,9688.19,28,Tamaulipas
28,Servicios,2022,8628,315040,3960500.0,69425225,8046.5,28,Tamaulipas
28,Servicios,2023,7563,274810,3761300.0,58091580,7681.02,28,Tamaulipas
28,Servicios,2024,7225,400078,4062900.0,68706646,9509.57,28,Tamaulipas
28,Tecnologías de la información y la comunicación,2022,33961,1465656,9335600.0,314804844,9269.6,28,Tamaulipas
28,Tecnologías de la información y la comunicación,2023,27394,1501159,8530100.0,279282439,10195.02,28,Tamaulipas
28,Tecnologías de la información y la comunicación,2024,30623,1677683,8776100.0,350864107,11457.54,28,Tamaulipas
29," Ingeniería, manufactura y construcción",2022,35056,2250498,22613400.0,247384184,7056.83,29,Tlaxcala
29," Ingeniería, manufactura y construcción",2023,31164,2214287,20155500.0,245827951,7888.2,29,Tlaxcala
29," Ingeniería, manufactura y construcción",2024,39000,2603664,21919700.0,341381653,8753.38,29,Tlaxcala
29,Administración y negocios,2022,23338,1475074,8122800.0,175695385,7528.3,29,Tlaxcala
29,Administración y negocios,2023,20248,1218485,7240600.0,139301355,6879.76,29,Tlaxcala
29,Administración y negocios,2024,26568,1949097,8657000.0,253628618,9546.39,29,Tlaxcala
29,Agronomía y veterinaria,2022,2852,209071,2199100.0,20039212,7026.37,29,Tlaxcala
29,Agronomía y veterinaria,2023,1952,214067,1630600.0,19700067,10092.25,29,Tlaxcala
29,Agronomía y veterinaria,2024,5738,137300,1387300.0,25252560,4400.93,29,Tlaxcala
29,Artes y humanidades,2022,3513,219101,718500.0,23222890,6610.56,29,Tlaxcala
29,Artes y humanidades,2023,7625,529160,1536400.0,54163801,7103.45,29,Tlaxcala
29,Artes y humanidades,2024,5164,281160,1043700.0,31846720,6167.06,29,Tlaxcala
29,Ciencias de la  salud,2022,10794,679605,8613640.0,75420285,6987.24,29,Tlaxcala
29,Ciencias de la  salud,2023,12340,901367,10594503.0,100297554,8127.84,29,Tlaxcala
29,Ciencias de la  salud,2024,13395,1006860,10874200.0,114259950,8530.04,29,Tlaxcala
29,"Ciencias naturales, matemáticas y estadística",2022,1499,72700,716400.0,7595370,5066.96,29,Tlaxcala
29,"Ciencias naturales, matemáticas y estadística",2023,1405,109350,666300.0,14432790,10272.45,29,Tlaxcala
29,"Ciencias naturales, matemáticas y estadística",2024,2430,165197,1027700.0,20499286,8435.92,29,Tlaxcala
29,Ciencias sociales y derecho,2022,16291,962726,4581100.0,111898577,6868.74,29,Tlaxcala
29,Ciencias sociales y derecho,2023,22665,1472668,6368300.0,166862345,7362.12,29,Tlaxcala
29,Ciencias sociales y derecho,2024,21115,1712121,5913400.0,202204836,9576.36,29,Tlaxcala
29,Educación,2022,9534,563032,974605.0,67693200,7100.19,29,Tlaxcala
29,Educación,2023,7685,410901,821417.0,45875170,5969.44,29,Tlaxcala
29,Educación,2024,10887,830213,1191417.0,93202423,8560.89,29,Tlaxcala
29,Servicios,2022,5580,253066,4870500.0,29162756,5226.3,29,Tlaxcala
29,Servicios,2023,6860,388861,6090600.0,45921302,6694.07,29,Tlaxcala
29,Servicios,2024,5826,371968,5380300.0,39705994,6815.31,29,Tlaxcala
29,Tecnologías de la información y la comunicación,2022,6033,436770,3199100.0,50997225,8453.05,29,Tlaxcala
29,Tecnologías de la información y la comunicación,2023,7182,454650,3745100.0,50674920,7055.82,29,Tlaxcala
29,Tecnologías de la información y la comunicación,2024,8741,579995,3998600.0,76049460,8700.32,29,Tlaxcala
30," Ingeniería, manufactura y construcción",2022,122261,3855699,29232900.0,1158398844,9474.8,30,Veracruz
30," Ingeniería, manufactura y construcción",2023,123797,4615757,33034600.0,1143261607,9234.97,30,Veracruz
30," Ingeniería, manufactura y construcción",2024,149045,4618029,29982600.0,1514952292,10164.4,30,Veracruz
30,Administración y negocios,2022,93948,3020407,15169100.0,655642080,6978.78,30,Veracruz
30,Administración y negocios,2023,98749,3157626,14702100.0,886917595,8981.53,30,Veracruz
30,Administración y negocios,2024,112097,3475638,14426400.0,1068719955,9533.89,30,Veracruz
30,Agronomía y veterinaria,2022,8313,65642,1060500.0,49366142,5938.43,30,Veracruz
30,Agronomía y veterinaria,2023,22250,247884,2937900.0,164974575,7414.59,30,Veracruz
30,Agronomía y veterinaria,2024,11961,269588,2449000.0,85255716,7127.81,30,Veracruz
30,Artes y humanidades,2022,31134,457579,1083700.0,789855229,25369.54,30,Veracruz
30,Artes y humanidades,2023,16214,361212,1089000.0,117137802,7224.49,30,Veracruz
30,Artes y humanidades,2024,18071,431108,1309400.0,102600948,5677.66,30,Veracruz
30,Ciencias de la  salud,2022,56825,1068907,13396964.0,433591636,7630.3,30,Veracruz
30,Ciencias de la  salud,2023,60481,1428247,15469328.0,445887868,7372.36,30,Veracruz
30,Ciencias de la  salud,2024,58115,1636154,15636200.0,509179873,8761.59,30,Veracruz
30,"Ciencias naturales, matemáticas y estadística",2022,11687,101430,665400.0,97168865,8314.27,30,Veracruz
30,"Ciencias naturales, matemáticas y estadística",2023,6211,129760,973200.0,62657385,10088.13,30,Veracruz
30,"Ciencias naturales, matemáticas y estadística",2024,4606,313840,1434100.0,64692065,14045.17,30,Veracruz
30,Ciencias sociales y derecho,2022,69954,1472589,5803200.0,584428320,8354.47,30,Veracruz
30,Ciencias sociales y derecho,2023,45599,1239913,4868400.0,327985838,7192.83,30,Veracruz
30,Ciencias sociales y derecho,2024,83383,1631888,5676400.0,695265850,8338.22,30,Veracruz
30,Educación,2022,58314,897470,1537027.0,412121768,7067.29,30,Veracruz
30,Educación,2023,63807,1397275,2071638.0,482855128,7567.43,30,Veracruz
30,Educación,2024,72965,1323074,1785432.0,624441811,8558.1,30,Veracruz
30,Servicios,2022,12356,372930,4675900.0,85185420,6894.26,30,Veracruz
30,Servicios,2023,9361,388940,4772200.0,74067630,7912.36,30,Veracruz
30,Servicios,2024,11446,452572,4467100.0,127195739,11112.68,30,Veracruz
30,Tecnologías de la información y la comunicación,2022,40832,732704,5838000.0,288180382,7057.71,30,Veracruz
30,Tecnologías de la información y la comunicación,2023,49301,822435,5779200.0,449809530,9123.74,30,Veracruz
30,Tecnologías de la información y la comunicación,2024,46506,816677,5161200.0,505094567,10860.85,30,Veracruz
31," Ingeniería, manufactura y construcción",2022,44586,2080434,14427500.0,467787992,10491.81,31,Yucatan
31," Ingeniería, manufactura y construcción",2023,51243,2937379,18865100.0,565193343,11029.67,31,Yucatan
31," Ingeniería, manufactura y construcción",2024,50752,3338053,19208700.0,636084132,12533.18,31,Yucatan
31,Administración y negocios,2022,62681,2427213,11656600.0,536452929,8558.46,31,Yucatan
31,Administración y negocios,2023,66196,3949243,14650100.0,731931509,11057.04,31,Yucatan
31,Administración y negocios,2024,58802,3578876,12731600.0,661899600,11256.41,31,Yucatan
31,Agronomía y veterinaria,2022,7850,240804,2928700.0,50505528,6433.83,31,Yucatan
31,Agronomía y veterinaria,2023,4494,101461,1626200.0,21750901,4839.99,31,Yucatan
31,Agronomía y veterinaria,2024,3345,189710,1631000.0,29536180,8829.95,31,Yucatan
31,Artes y humanidades,2022,17045,658325,1785500.0,136767840,8023.93,31,Yucatan
31,Artes y humanidades,2023,13111,801657,1633400.0,139088600,10608.54,31,Yucatan
31,Artes y humanidades,2024,13679,613218,1385700.0,115573628,8448.98,31,Yucatan
31,Ciencias de la  salud,2022,35328,1674140,16388036.0,315437281,8928.82,31,Yucatan
31,Ciencias de la  salud,2023,40255,2025769,19301500.0,370344336,9199.96,31,Yucatan
31,Ciencias de la  salud,2024,41136,2084046,19078307.0,422477564,10270.26,31,Yucatan
31,"Ciencias naturales, matemáticas y estadística",2022,9867,552805,2215900.0,114229500,11576.92,31,Yucatan
31,"Ciencias naturales, matemáticas y estadística",2023,13123,652546,3397200.0,122071778,9302.12,31,Yucatan
31,"Ciencias naturales, matemáticas y estadística",2024,11368,687594,3049500.0,138224644,12159.1,31,Yucatan
31,Ciencias sociales y derecho,2022,52625,1801953,7805300.0,385683271,7328.9,31,Yucatan
31,Ciencias sociales y derecho,2023,57604,2750561,9743400.0,518531196,9001.65,31,Yucatan
31,Ciencias sociales y derecho,2024,52241,2905235,8590900.0,577606931,11056.58,31,Yucatan
31,Educación,2022,43759,1434774,2293663.0,331786156,7582.12,31,Yucatan
31,Educación,2023,44567,1745640,2623148.0,356437035,7997.78,31,Yucatan
31,Educación,2024,43397,1759800,2471956.0,361165546,8322.36,31,Yucatan
31,Servicios,2022,17493,630297,8325800.0,132949729,7600.17,31,Yucatan
31,Servicios,2023,18401,991217,10351800.0,171958442,9345.06,31,Yucatan
31,Servicios,2024,21370,1070442,10872800.0,212666381,9951.63,31,Yucatan
31,Tecnologías de la información y la comunicación,2022,13639,627710,4181400.0,125439880,9197.15,31,Yucatan
31,Tecnologías de la información y la comunicación,2023,15429,889408,4804700.0,171965633,11145.61,31,Yucatan
31,Tecnologías de la información y la comunicación,2024,11663,797485,4236100.0,139943685,11998.94,31,Yucatan
32," Ingeniería, manufactura y construcción",2022,26610,2455015,17038900.0,234177034,8800.34,32,Zacatecas
32," Ingeniería, manufactura y construcción",2023,31066,2466822,18420300.0,267259241,8602.95,32,Zacatecas
32," Ingeniería, manufactura y construcción",2024,30224,3135359,20612200.0,338884817,11212.44,32,Zacatecas
32,Administración y negocios,2022,22100,1473372,8476300.0,158880277,7189.15,32,Zacatecas
32,Administración y negocios,2023,22798,1754478,8768300.0,170733766,7488.98,32,Zacatecas
32,Administración y negocios,2024,19269,1727673,8125900.0,162372534,8426.62,32,Zacatecas
32,Agronomía y veterinaria,2022,2800,184356,2034500.0,17188858,6138.88,32,Zacatecas
32,Agronomía y veterinaria,2023,4019,287410,2610200.0,31853340,7925.69,32,Zacatecas
32,Agronomía y veterinaria,2024,3512,226739,2443000.0,28023062,7979.23,32,Zacatecas
32,Artes y humanidades,2022,2386,313675,937100.0,17361395,7276.36,32,Zacatecas
32,Artes y humanidades,2023,4367,580427,1318600.0,39935796,9144.9,32,Zacatecas
32,Artes y humanidades,2024,4594,751485,1692500.0,45130410,9823.77,32,Zacatecas
32,Ciencias de la  salud,2022,16793,1253910,14491361.0,125850530,7494.23,32,Zacatecas
32,Ciencias de la  salud,2023,15577,1455004,17232373.0,110186323,7073.65,32,Zacatecas
32,Ciencias de la  salud,2024,18346,1918320,19304330.0,181405422,9888.01,32,Zacatecas
32,"Ciencias naturales, matemáticas y estadística",2022,4756,367669,2520700.0,33179492,6976.34,32,Zacatecas
32,"Ciencias naturales, matemáticas y estadística",2023,3425,316508,2518000.0,23714333,6923.89,32,Zacatecas
32,"Ciencias naturales, matemáticas y estadística",2024,2800,390653,2107700.0,27951501,9982.68,32,Zacatecas
32,Ciencias sociales y derecho,2022,22350,1743916,6956400.0,167466995,7492.93,32,Zacatecas
32,Ciencias sociales y derecho,2023,15942,1494741,6405000.0,102397913,6423.15,32,Zacatecas
32,Ciencias sociales y derecho,2024,17497,2071334,6984300.0,157178107,8983.15,32,Zacatecas
32,Educación,2022,9765,745365,1115128.0,78788630,8068.47,32,Zacatecas
32,Educación,2023,12204,915222,1269526.0,103215266,8457.49,32,Zacatecas
32,Educación,2024,17023,1264209,1598216.0,141288631,8299.87,32,Zacatecas
32,Servicios,2022,4265,392820,5584600.0,28221515,6617.0,32,Zacatecas
32,Servicios,2023,3382,447920,4583800.0,31006270,9168.03,32,Zacatecas
32,Servicios,2024,2041,249445,3051100.0,17062980,8360.11,32,Zacatecas
32,Tecnologías de la información y la comunicación,2022,5038,523347,3680600.0,46178360,9166.01,32,Zacatecas
32,Tecnologías de la información y la comunicación,2023,5594,533602,3996500.0,63693952,11386.12,32,Zacatecas
32,Tecnologías de la información y la comunicación,2024,6337,656363,4362000.0,59455947,9382.35,32,Zacatecas
